Column1,Column2,Column3,Column4
-183.8,80.2,0,0
-183.8,81.7,0,0.025
-183.8,81.7,0,0.092
-183.8,81.699,0.037,0.159
-183.8,81.696,0.042,0.226
-183.8,81.685,0.235,0.293
-183.799,81.659,0.446,0.36
-183.799,81.605,0.965,0.427
-183.799,81.52,1.372,0.494
-183.8,81.416,1.624,0.561
-183.801,81.304,1.715,0.628
-183.802,81.191,1.704,0.695
-183.801,81.082,1.644,0.762
-183.799,80.978,1.571,0.829
-183.796,80.878,1.498,0.896
-183.792,80.783,1.434,0.963
-183.786,80.691,1.387,1.03
-183.779,80.601,1.36,1.097
-183.771,80.511,1.354,1.164
-183.762,80.421,1.368,1.231
-183.75,80.33,1.398,1.298
-183.737,80.235,1.438,1.365
-183.721,80.139,1.481,1.432
-183.703,80.04,1.519,1.499
-183.684,79.939,1.549,1.566
-183.662,79.837,1.568,1.633
-183.64,79.735,1.578,1.7
-183.615,79.633,1.582,1.767
-183.59,79.531,1.58,1.834
-183.564,79.429,1.579,1.901
-183.537,79.328,1.578,1.968
-183.509,79.226,1.581,2.035
-183.48,79.125,1.587,2.102
-183.449,79.023,1.597,2.169
-183.418,78.921,1.609,2.236
-183.385,78.818,1.624,2.303
-183.352,78.715,1.639,2.37
-183.317,78.61,1.654,2.437
-183.281,78.505,1.668,2.504
-183.245,78.4,1.681,2.571
-183.208,78.294,1.693,2.638
-183.169,78.187,1.703,2.705
-183.131,78.08,1.713,2.772
-183.091,77.972,1.723,2.839
-183.051,77.864,1.732,2.906
-183.011,77.755,1.742,2.973
-182.97,77.646,1.753,3.04
-182.929,77.537,1.763,3.107
-182.887,77.426,1.774,3.174
-182.845,77.315,1.785,3.241
-182.802,77.204,1.797,3.308
-182.759,77.091,1.81,3.375
-182.716,76.978,1.822,3.442
-182.672,76.864,1.834,3.509
-182.629,76.749,1.846,3.576
-182.585,76.634,1.857,3.643
-182.542,76.517,1.869,3.71
-182.498,76.4,1.881,3.777
-182.455,76.282,1.892,3.844
-182.412,76.163,1.904,3.911
-182.369,76.043,1.916,3.978
-182.325,75.922,1.928,4.045
-182.283,75.8,1.94,4.112
-182.24,75.677,1.953,4.179
-182.197,75.554,1.965,4.246
-182.155,75.429,1.978,4.313
-182.113,75.303,1.991,4.38
-182.072,75.177,2.003,4.447
-182.031,75.049,2.016,4.514
-181.99,74.921,2.029,4.581
-181.949,74.791,2.041,4.648
-181.909,74.66,2.054,4.715
-181.87,74.528,2.067,4.782
-181.83,74.396,2.081,4.849
-181.792,74.262,2.094,4.916
-181.753,74.127,2.108,4.983
-181.716,73.991,2.121,5.05
-181.679,73.854,2.134,5.117
-181.642,73.716,2.148,5.184
-181.606,73.577,2.162,5.251
-181.57,73.436,2.176,5.318
-181.535,73.295,2.19,5.385
-181.501,73.152,2.204,5.452
-181.467,73.009,2.218,5.519
-181.434,72.864,2.232,5.586
-181.402,72.718,2.247,5.653
-181.37,72.571,2.262,5.72
-181.339,72.423,2.276,5.787
-181.309,72.273,2.291,5.854
-181.279,72.123,2.306,5.921
-181.25,71.971,2.321,5.988
-181.222,71.818,2.336,6.055
-181.194,71.664,2.351,6.122
-181.168,71.509,2.366,6.189
-181.142,71.353,2.381,6.256
-181.116,71.195,2.397,6.323
-181.092,71.037,2.412,6.39
-181.068,70.877,2.428,6.457
-181.045,70.716,2.444,6.524
-181.023,70.554,2.46,6.591
-181.001,70.391,2.476,6.658
-180.981,70.226,2.492,6.725
-180.961,70.061,2.509,6.792
-180.941,69.894,2.526,6.859
-180.923,69.726,2.542,6.926
-180.905,69.556,2.558,6.993
-180.888,69.386,2.575,7.06
-180.872,69.214,2.592,7.127
-180.857,69.041,2.609,7.194
-180.842,68.867,2.626,7.261
-180.829,68.692,2.644,7.328
-180.815,68.516,2.661,7.395
-180.803,68.338,2.678,7.462
-180.791,68.159,2.696,7.529
-180.78,67.979,2.714,7.596
-180.77,67.797,2.732,7.663
-180.761,67.615,2.75,7.73
-180.752,67.431,2.768,7.797
-180.744,67.246,2.786,7.864
-180.737,67.059,2.805,7.931
-180.73,66.872,2.824,7.998
-180.724,66.683,2.843,8.065
-180.719,66.492,2.862,8.132
-180.714,66.301,2.881,8.199
-180.71,66.108,2.9,8.266
-180.707,65.914,2.919,8.333
-180.704,65.719,2.939,8.4
-180.702,65.522,2.958,8.467
-180.701,65.324,2.978,8.534
-180.7,65.124,2.997,8.601
-180.7,64.924,3.017,8.668
-180.7,64.722,3.037,8.735
-180.701,64.518,3.057,8.802
-180.703,64.314,3.078,8.869
-180.705,64.108,3.098,8.936
-180.708,63.9,3.119,9.003
-180.711,63.692,3.14,9.07
-180.715,63.481,3.161,9.137
-180.719,63.27,3.182,9.204
-180.724,63.057,3.203,9.271
-180.729,62.842,3.225,9.338
-180.735,62.627,3.246,9.405
-180.741,62.409,3.268,9.472
-180.748,62.191,3.29,9.539
-180.755,61.971,3.311,9.606
-180.762,61.749,3.334,9.673
-180.77,61.526,3.356,9.74
-180.778,61.301,3.378,9.807
-180.786,61.075,3.401,9.874
-180.795,60.848,3.424,9.941
-180.805,60.619,3.447,10.008
-180.814,60.388,3.469,10.075
-180.824,60.156,3.493,10.142
-180.834,59.923,3.516,10.209
-180.845,59.688,3.54,10.276
-180.856,59.451,3.563,10.343
-180.868,59.213,3.587,10.41
-180.88,58.973,3.611,10.477
-180.892,58.731,3.635,10.544
-180.904,58.488,3.659,10.611
-180.917,58.244,3.684,10.678
-180.93,57.997,3.708,10.745
-180.944,57.749,3.733,10.812
-180.957,57.5,3.758,10.879
-180.97,57.249,3.783,10.946
-180.983,56.996,3.808,11.013
-180.996,56.741,3.834,11.08
-181.008,56.485,3.859,11.147
-181.021,56.227,3.885,11.214
-181.033,55.967,3.911,11.281
-181.045,55.705,3.937,11.348
-181.057,55.442,3.962,11.415
-181.068,55.177,3.988,11.482
-181.08,54.91,4.014,11.549
-181.091,54.642,4.04,11.616
-181.102,54.372,4.066,11.683
-181.113,54.1,4.093,11.75
-181.124,53.826,4.12,11.817
-181.134,53.55,4.147,11.884
-181.144,53.273,4.174,11.951
-181.154,52.994,4.202,12.018
-181.164,52.713,4.229,12.085
-181.174,52.43,4.257,12.152
-181.183,52.145,4.285,12.219
-181.193,51.858,4.313,12.286
-181.202,51.57,4.342,12.353
-181.21,51.279,4.37,12.42
-181.219,50.987,4.399,12.487
-181.227,50.692,4.428,12.554
-181.236,50.396,4.457,12.621
-181.244,50.098,4.487,12.688
-181.251,49.797,4.517,12.755
-181.259,49.495,4.547,12.822
-181.266,49.191,4.577,12.889
-181.273,48.885,4.607,12.956
-181.28,48.576,4.637,13.023
-181.287,48.266,4.668,13.09
-181.294,47.953,4.699,13.157
-181.3,47.639,4.73,13.224
-181.306,47.322,4.762,13.291
-181.311,47.004,4.793,13.358
-181.317,46.683,4.825,13.425
-181.322,46.36,4.857,13.492
-181.327,46.035,4.889,13.559
-181.332,45.707,4.922,13.626
-181.337,45.378,4.954,13.693
-181.342,45.046,4.987,13.76
-181.346,44.712,5.021,13.827
-181.35,44.376,5.054,13.894
-181.354,44.038,5.087,13.961
-181.358,43.698,5.107,14.028
-181.362,43.359,5.075,14.095
-181.365,43.023,5.047,14.162
-181.367,42.687,5.041,14.229
-181.37,42.35,5.061,14.296
-181.372,42.011,5.108,14.363
-181.374,41.667,5.181,14.43
-181.376,41.317,5.275,14.497
-181.377,40.96,5.38,14.564
-181.378,40.597,5.483,14.631
-181.379,40.227,5.572,14.698
-181.38,39.852,5.64,14.765
-181.38,39.475,5.683,14.832
-181.38,39.095,5.706,14.899
-181.38,38.715,5.714,14.966
-181.38,38.334,5.712,15.033
-181.381,37.954,5.706,15.1
-181.381,37.574,5.705,15.167
-181.381,37.194,5.711,15.234
-181.381,36.812,5.73,15.301
-181.381,36.429,5.763,15.368
-181.381,36.043,5.811,15.435
-181.381,35.652,5.872,15.502
-181.381,35.258,5.941,15.569
-181.381,34.858,6.014,15.636
-181.381,34.454,6.085,15.703
-181.381,34.046,6.147,15.77
-181.381,33.634,6.199,15.837
-181.381,33.219,6.239,15.904
-181.381,32.802,6.268,15.971
-181.38,32.383,6.291,16.038
-181.38,31.963,6.311,16.105
-181.38,31.542,6.333,16.172
-181.38,31.119,6.358,16.239
-181.379,30.693,6.39,16.306
-181.379,30.266,6.43,16.373
-181.378,29.835,6.479,16.44
-181.378,29.401,6.534,16.507
-181.378,28.962,6.594,16.574
-181.377,28.52,6.656,16.641
-181.376,28.074,6.715,16.708
-181.376,27.624,6.769,16.775
-181.376,27.17,6.816,16.842
-181.375,26.714,6.856,16.909
-181.375,26.256,6.891,16.976
-181.374,25.795,6.923,17.043
-181.374,25.333,6.956,17.11
-181.373,24.867,6.992,17.177
-181.372,24.4,7.033,17.244
-181.372,23.929,7.08,17.311
-181.371,23.455,7.132,17.378
-181.37,22.977,7.187,17.445
-181.37,22.495,7.245,17.512
-181.369,22.01,7.301,17.579
-181.368,21.521,7.356,17.646
-181.368,21.028,7.407,17.713
-181.367,20.532,7.455,17.78
-181.366,20.033,7.5,17.847
-181.365,19.532,7.544,17.914
-181.364,19.027,7.588,17.981
-181.363,18.519,7.633,18.048
-181.362,18.008,7.68,18.115
-181.361,17.494,7.73,18.182
-181.36,16.977,7.782,18.249
-181.36,16.456,7.835,18.316
-181.359,15.931,7.891,18.383
-181.357,15.403,7.947,18.45
-181.356,14.87,8.002,18.517
-181.355,14.335,8.057,18.584
-181.354,13.795,8.112,18.651
-181.352,13.252,8.164,18.718
-181.349,12.706,8.216,18.785
-181.349,12.156,8.268,18.852
-181.347,11.603,8.319,18.919
-181.343,11.046,8.377,18.986
-181.341,10.485,8.433,19.053
-181.34,9.92,8.488,19.12
-181.342,9.352,8.546,19.187
-181.343,8.78,8.6,19.254
-181.34,8.204,8.66,19.321
-181.34,7.625,8.715,19.388
-181.343,7.041,8.779,19.455
-181.345,6.454,8.835,19.522
-181.342,5.862,8.894,19.589
-181.342,5.267,8.952,19.656
-181.34,4.668,9.011,19.723
-181.34,4.064,9.077,19.79
-181.338,3.457,9.135,19.857
-181.33,2.845,9.203,19.924
-181.324,2.228,9.27,19.991
-181.324,1.608,9.326,20.058
-181.331,0.984,9.39,20.125
-181.334,0.355,9.456,20.192
-181.332,-0.278,9.511,20.259
-181.323,-0.914,9.574,20.326
-181.316,-1.555,9.641,20.393
-181.316,-2.2,9.697,20.46
-181.322,-2.849,9.763,20.527
-181.326,-3.503,9.834,20.594
-181.324,-4.161,9.893,20.661
-181.315,-4.824,9.963,20.728
-181.307,-5.491,10.036,20.795
-181.307,-6.163,10.098,20.862
-181.314,-6.839,10.168,20.929
-181.318,-7.52,10.243,20.996
-181.316,-8.205,10.305,21.063
-181.306,-8.895,10.375,21.13
-181.298,-9.59,10.449,21.197
-181.298,-10.289,10.511,21.264
-181.305,-10.993,10.582,21.331
-181.31,-11.701,10.658,21.398
-181.309,-12.415,10.721,21.465
-181.298,-13.132,10.794,21.532
-181.29,-13.855,10.872,21.599
-181.289,-14.583,10.937,21.666
-181.296,-15.315,11.014,21.733
-181.303,-16.053,11.094,21.8
-181.302,-16.795,11.162,21.867
-181.291,-17.542,11.24,21.934
-181.283,-18.295,11.321,22.001
-181.282,-19.053,11.389,22.068
-181.29,-19.815,11.468,22.135
-181.297,-20.583,11.552,22.202
-181.296,-21.356,11.621,22.269
-181.286,-22.135,11.702,22.336
-181.277,-22.918,11.775,22.403
-181.275,-23.706,11.859,22.47
-181.27,-24.5,11.935,22.537
-181.259,-25.299,12.021,22.604
-181.249,-26.104,12.099,22.671
-181.247,-26.914,12.186,22.738
-181.242,-27.73,12.265,22.805
-181.23,-28.551,12.354,22.872
-181.22,-29.378,12.433,22.939
-181.217,-30.211,12.522,23.006
-181.212,-31.049,12.602,23.073
-181.2,-31.892,12.69,23.14
-181.19,-32.742,12.781,23.207
-181.189,-33.598,12.86,23.274
-181.198,-34.459,12.948,23.341
-181.206,-35.326,13.039,23.408
-181.207,-36.198,13.116,23.475
-181.197,-37.076,13.205,23.542
-181.188,-37.961,13.298,23.609
-181.187,-38.851,13.378,23.676
-181.196,-39.746,13.47,23.743
-181.204,-40.648,13.566,23.81
-181.205,-41.556,13.651,23.877
-181.194,-42.47,13.747,23.944
-181.184,-43.39,13.835,24.011
-181.179,-44.317,13.933,24.078
-181.172,-45.249,14.024,24.145
-181.158,-46.189,14.124,24.212
-181.146,-47.135,14.226,24.279
-181.143,-48.087,14.316,24.346
-181.151,-49.045,14.416,24.413
-181.159,-50.011,14.518,24.48
-181.16,-50.982,14.607,24.547
-181.15,-51.96,14.705,24.614
-181.139,-52.944,14.795,24.681
-181.134,-53.935,14.894,24.748
-181.128,-54.931,14.987,24.815
-181.114,-55.935,15.091,24.882
-181.101,-56.945,15.189,24.949
-181.095,-57.962,15.297,25.016
-181.088,-58.986,15.399,25.083
-181.073,-60.017,15.511,25.15
-181.06,-61.056,15.615,25.217
-181.053,-62.101,15.727,25.284
-181.046,-63.154,15.831,25.351
-181.032,-64.214,15.943,25.418
-181.02,-65.282,16.053,25.485
-181.016,-66.356,16.152,25.552
-181.024,-67.438,16.26,25.619
-181.033,-68.526,16.37,25.686
-181.035,-69.622,16.468,25.753
-181.027,-70.724,16.576,25.82
-181.017,-71.833,16.678,25.887
-181.012,-72.95,16.79,25.954
-181.006,-74.074,16.898,26.021
-180.992,-75.205,17.018,26.088
-180.978,-76.344,17.132,26.155
-180.972,-77.492,17.257,26.222
-180.964,-78.647,17.375,26.289
-180.95,-79.811,17.502,26.356
-180.936,-80.983,17.621,26.423
-180.929,-82.163,17.746,26.49
-180.922,-83.351,17.862,26.557
-180.908,-84.546,17.984,26.624
-180.894,-85.75,18.097,26.691
-180.888,-86.961,18.216,26.758
-180.88,-88.18,18.325,26.825
-180.866,-89.406,18.425,26.892
-180.853,-90.637,18.48,26.959
-180.846,-91.868,18.479,27.026
-180.838,-93.096,18.402,27.093
-180.824,-94.316,18.26,27.16
-180.81,-95.523,18.067,27.227
-180.804,-96.717,17.844,27.294
-180.797,-97.895,17.615,27.361
-180.783,-99.059,17.401,27.428
-180.77,-100.211,17.227,27.495
-180.763,-101.354,17.101,27.562
-180.756,-102.491,17.017,27.629
-180.742,-103.624,16.973,27.696
-180.728,-104.755,16.959,27.763
-180.722,-105.888,16.978,27.83
-180.715,-107.022,17.015,27.897
-180.7,-108.16,17.077,27.964
-180.687,-109.302,17.149,28.031
-180.68,-110.45,17.235,28.098
-180.673,-111.602,17.299,28.165
-180.659,-112.757,17.335,28.232
-180.645,-113.912,17.314,28.299
-180.638,-115.062,17.237,28.366
-180.631,-116.205,17.106,28.433
-180.617,-117.337,16.936,28.5
-180.604,-118.457,16.746,28.567
-180.598,-119.564,16.553,28.634
-180.591,-120.66,16.38,28.701
-180.577,-121.745,16.244,28.768
-180.564,-122.824,16.152,28.835
-180.558,-123.9,16.105,28.902
-180.551,-124.973,16.09,28.969
-180.537,-126.047,16.11,29.036
-180.524,-127.124,16.149,29.103
-180.518,-128.204,16.213,29.17
-180.511,-129.288,16.272,29.237
-180.497,-130.376,16.321,29.304
-180.484,-131.465,16.331,29.371
-180.477,-132.552,16.301,29.438
-180.47,-133.635,16.219,29.505
-180.457,-134.71,16.097,29.572
-180.443,-135.776,15.945,29.639
-180.437,-136.831,15.779,29.706
-180.431,-137.876,15.618,29.773
-180.417,-138.91,15.477,29.84
-180.405,-139.937,15.37,29.907
-180.399,-140.959,15.307,29.974
-180.393,-141.979,15.281,30.041
-180.379,-142.999,15.294,30.108
-180.366,-144.021,15.328,30.175
-180.36,-145.045,15.381,30.242
-180.354,-146.073,15.424,30.309
-180.34,-147.104,15.453,30.376
-180.327,-148.134,15.445,30.443
-180.322,-149.161,15.4,30.51
-180.315,-150.184,15.313,30.577
-180.302,-151.199,15.195,30.644
-180.289,-152.206,15.057,30.711
-180.284,-153.203,14.912,30.778
-180.278,-154.19,14.777,30.845
-180.264,-155.17,14.664,30.912
-180.252,-156.144,14.583,30.979
-180.247,-157.115,14.542,31.046
-180.241,-158.084,14.533,31.113
-180.227,-159.055,14.557,31.18
-180.215,-160.027,14.589,31.247
-180.21,-161.002,14.627,31.314
-180.204,-161.979,14.646,31.381
-180.19,-162.955,14.645,31.448
-180.178,-163.93,14.607,31.515
-180.173,-164.901,14.537,31.582
-180.167,-165.865,14.438,31.649
-180.153,-166.822,14.321,31.716
-180.141,-167.771,14.197,31.783
-180.136,-168.712,14.078,31.85
-180.13,-169.646,13.975,31.917
-180.117,-170.574,13.899,31.984
-180.105,-171.499,13.851,32.051
-180.101,-172.422,13.837,32.118
-180.094,-173.345,13.847,32.185
-180.078,-174.269,13.862,32.252
-180.051,-175.195,13.886,32.319
-180.025,-176.121,13.9,32.386
-180.005,-177.048,13.887,32.453
-179.996,-177.972,13.854,32.52
-179.987,-178.893,13.796,32.587
-179.97,-179.809,13.714,32.654
-179.941,-180.718,13.615,32.721
-179.899,-181.62,13.509,32.788
-179.856,-182.515,13.406,32.855
-179.818,-183.403,13.316,32.922
-179.778,-184.287,13.25,32.989
-179.728,-185.167,13.207,33.056
-179.666,-186.045,13.18,33.123
-179.589,-186.92,13.173,33.19
-179.509,-187.795,13.181,33.257
-179.421,-188.67,13.192,33.324
-179.321,-189.544,13.196,33.391
-179.208,-190.416,13.178,33.458
-179.081,-191.285,13.146,33.525
-178.953,-192.149,13.09,33.592
-178.831,-193.01,13.02,33.659
-178.707,-193.865,12.941,33.726
-178.574,-194.713,12.858,33.793
-178.429,-195.554,12.777,33.86
-178.272,-196.388,12.7,33.927
-178.101,-197.214,12.639,33.994
-177.927,-198.037,12.614,34.061
-177.746,-198.859,12.634,34.128
-177.553,-199.682,12.678,34.195
-177.346,-200.505,12.754,34.262
-177.136,-201.334,12.856,34.329
-176.916,-202.168,12.978,34.396
-176.684,-203.008,13.1,34.463
-176.437,-203.853,13.246,34.53
-176.187,-204.707,13.389,34.597
-175.939,-205.572,13.552,34.664
-175.686,-206.447,13.723,34.731
-175.421,-207.33,13.897,34.798
-175.139,-208.221,14.072,34.865
-174.838,-209.117,14.244,34.932
-174.519,-210.019,14.394,34.999
-174.181,-210.924,14.538,35.066
-173.837,-211.834,14.644,35.133
-173.495,-212.752,14.729,35.2
-173.149,-213.673,14.79,35.267
-172.791,-214.593,14.828,35.334
-172.42,-215.509,14.853,35.401
-172.034,-216.421,14.875,35.468
-171.633,-217.33,14.918,35.535
-171.226,-218.24,14.975,35.602
-170.822,-219.156,15.058,35.669
-170.411,-220.076,15.158,35.736
-169.988,-220.999,15.271,35.803
-169.549,-221.924,15.384,35.87
-169.094,-222.85,15.519,35.937
-168.631,-223.781,15.651,36.004
-168.169,-224.724,15.798,36.071
-167.699,-225.674,15.953,36.138
-167.216,-226.629,16.099,36.205
-166.718,-227.587,16.258,36.272
-166.213,-228.553,16.401,36.339
-165.708,-229.53,16.54,36.406
-165.198,-230.513,16.664,36.473
-164.675,-231.498,16.76,36.54
-164.14,-232.482,16.848,36.607
-163.599,-233.47,16.915,36.674
-163.062,-234.463,16.982,36.741
-162.519,-235.46,17.05,36.808
-161.966,-236.456,17.117,36.875
-161.399,-237.451,17.205,36.942
-160.828,-238.45,17.307,37.009
-160.26,-239.459,17.407,37.076
-159.697,-240.48,17.527,37.143
-159.131,-241.509,17.655,37.21
-158.554,-242.541,17.786,37.277
-157.961,-243.575,17.912,37.344
-157.352,-244.609,18.056,37.411
-156.734,-245.65,18.205,37.478
-156.117,-246.703,18.353,37.545
-155.505,-247.769,18.493,37.612
-154.901,-248.852,18.649,37.679
-154.295,-249.945,18.807,37.746
-153.68,-251.045,18.948,37.813
-153.052,-252.148,19.092,37.88
-152.418,-253.258,19.227,37.947
-151.788,-254.38,19.343,38.014
-151.166,-255.514,19.425,38.081
-150.558,-256.659,19.45,38.148
-149.967,-257.811,19.415,38.215
-149.385,-258.96,19.302,38.282
-148.807,-260.1,19.13,38.349
-148.239,-261.23,18.918,38.416
-147.687,-262.351,18.69,38.483
-147.155,-263.466,18.47,38.55
-146.644,-264.577,18.28,38.617
-146.156,-265.688,18.138,38.684
-145.691,-266.8,18.042,38.751
-145.237,-267.911,17.976,38.818
-144.784,-269.02,17.946,38.885
-144.336,-270.13,17.945,38.952
-143.899,-271.245,17.966,39.019
-143.477,-272.369,18.006,39.086
-143.07,-273.502,18.061,39.153
-142.681,-274.645,18.13,39.22
-142.298,-275.796,18.215,39.287
-141.926,-276.956,18.311,39.354
-141.565,-278.128,18.414,39.421
-141.217,-279.311,18.535,39.488
-140.873,-280.504,18.652,39.555
-140.524,-281.703,18.782,39.622
-140.177,-282.912,18.916,39.689
-139.837,-284.133,19.052,39.756
-139.509,-285.366,19.187,39.823
-139.198,-286.613,19.312,39.89
-138.905,-287.871,19.402,39.957
-138.633,-289.138,19.436,40.024
-138.383,-290.407,19.396,40.091
-138.145,-291.671,19.262,40.158
-137.909,-292.923,19.053,40.225
-137.682,-294.159,18.793,40.292
-137.468,-295.38,18.507,40.359
-137.272,-296.584,18.223,40.426
-137.097,-297.774,17.968,40.493
-136.943,-298.954,17.764,40.56
-136.812,-300.125,17.61,40.627
-136.693,-301.288,17.495,40.694
-136.574,-302.445,17.422,40.761
-136.461,-303.601,17.386,40.828
-136.361,-304.756,17.379,40.895
-136.276,-305.913,17.397,40.962
-136.209,-307.074,17.434,41.029
-136.161,-308.239,17.5,41.096
-136.119,-309.409,17.571,41.163
-136.075,-310.584,17.662,41.23
-136.036,-311.766,17.761,41.297
-136.007,-312.954,17.849,41.364
-135.993,-314.146,17.901,41.431
-135.998,-315.34,17.895,41.498
-136.023,-316.529,17.822,41.565
-136.068,-317.711,17.69,41.632
-136.134,-318.879,17.508,41.699
-136.21,-320.033,17.293,41.766
-136.296,-321.172,17.069,41.833
-136.396,-322.296,16.86,41.9
-136.512,-323.406,16.683,41.967
-136.635,-324.505,16.553,42.034
-136.768,-325.597,16.468,42.101
-136.916,-326.684,16.423,42.168
-137.081,-327.766,16.41,42.235
-137.265,-328.847,16.425,42.302
-137.47,-329.925,16.463,42.369
-137.683,-331.005,16.525,42.436
-137.908,-332.087,16.599,42.503
-138.149,-333.171,16.668,42.57
-138.408,-334.254,16.71,42.637
-138.685,-335.334,16.707,42.704
-138.98,-336.405,16.652,42.771
-139.282,-337.468,16.547,42.838
-139.591,-338.519,16.399,42.905
-139.911,-339.556,16.224,42.972
-140.243,-340.576,16.04,43.039
-140.589,-341.579,15.867,43.106
-140.95,-342.566,15.719,43.173
-141.316,-343.543,15.611,43.24
-141.69,-344.512,15.549,43.307
-142.076,-345.473,15.524,43.374
-142.466,-346.433,15.536,43.441
-142.863,-347.392,15.57,43.508
-143.273,-348.349,15.624,43.575
-143.687,-349.308,15.684,43.642
-144.109,-350.267,15.727,43.709
-144.543,-351.223,15.738,43.776
-144.99,-352.173,15.739,43.843
-145.439,-353.121,15.736,43.91
-145.884,-354.071,15.757,43.977
-146.333,-355.023,15.804,44.044
-146.793,-355.975,15.864,44.111
-147.265,-356.925,15.949,44.178
-147.743,-357.88,16.041,44.245
-148.218,-358.843,16.153,44.312
-148.7,-359.813,16.275,44.379
-149.194,-360.785,16.396,44.446
-149.703,-361.76,16.534,44.513
-150.217,-362.742,16.68,44.58
-150.729,-363.736,16.818,44.647
-151.236,-364.744,16.972,44.714
-151.748,-365.761,17.131,44.781
-152.271,-366.784,17.289,44.848
-152.81,-367.81,17.439,44.915
-153.367,-368.839,17.604,44.982
-153.932,-369.876,17.773,45.049
-154.498,-370.924,17.927,45.116
-155.059,-371.987,18.091,45.183
-155.626,-373.06,18.247,45.25
-156.202,-374.137,18.378,45.317
-156.792,-375.217,18.501,45.384
-157.387,-376.302,18.607,45.451
-157.979,-377.396,18.687,45.518
-158.563,-378.499,18.766,45.585
-159.149,-379.608,18.841,45.652
-159.743,-380.717,18.91,45.719
-160.349,-381.827,18.997,45.786
-160.96,-382.941,19.095,45.853
-161.567,-384.064,19.191,45.92
-162.169,-385.199,19.304,45.987
-162.772,-386.341,19.415,46.054
-163.382,-387.488,19.539,46.121
-163.995,-388.644,19.661,46.188
-164.604,-389.81,19.788,46.255
-165.217,-390.985,19.92,46.322
-165.829,-392.17,20.053,46.389
-166.445,-393.363,20.194,46.456
-167.062,-394.566,20.332,46.523
-167.674,-395.783,20.479,46.59
-168.29,-397.008,20.619,46.657
-168.914,-398.24,20.767,46.724
-169.54,-399.482,20.916,46.791
-170.163,-400.736,21.06,46.858
-170.777,-402.006,21.201,46.925
-171.381,-403.291,21.355,46.992
-171.984,-404.588,21.501,47.059
-172.592,-405.891,21.599,47.126
-173.21,-407.193,21.636,47.193
-173.828,-408.492,21.58,47.26
-174.436,-409.788,21.428,47.327
-175.027,-411.076,21.198,47.394
-175.597,-412.354,20.919,47.461
-176.142,-413.622,20.617,47.528
-176.67,-414.876,20.318,47.595
-177.19,-416.113,20.047,47.662
-177.698,-417.338,19.823,47.729
-178.19,-418.556,19.644,47.796
-178.664,-419.772,19.507,47.863
-179.118,-420.987,19.412,47.93
-179.562,-422.2,19.345,47.997
-180.006,-423.41,19.31,48.064
-180.445,-424.621,19.303,48.131
-180.873,-425.836,19.316,48.198
-181.288,-427.057,19.346,48.265
-181.687,-428.287,19.401,48.332
-182.081,-429.523,19.462,48.399
-182.478,-430.762,19.54,48.466
-182.873,-432.008,19.629,48.533
-183.259,-433.263,19.724,48.6
-183.633,-434.529,19.822,48.667
-183.993,-435.806,19.937,48.734
-184.35,-437.092,20.06,48.801
-184.713,-438.385,20.175,48.868
-185.086,-439.683,20.304,48.935
-185.463,-440.989,20.437,49.002
-185.835,-442.306,20.57,49.069
-186.196,-443.635,20.699,49.136
-186.543,-444.976,20.828,49.203
-186.874,-446.332,20.972,49.27
-187.2,-447.698,21.119,49.337
-187.531,-449.073,21.255,49.404
-187.871,-450.455,21.4,49.471
-188.214,-451.846,21.547,49.538
-188.552,-453.248,21.69,49.605
-188.88,-454.663,21.828,49.672
-189.195,-456.09,21.977,49.739
-189.506,-457.528,22.118,49.806
-189.819,-458.975,22.263,49.873
-190.131,-460.432,22.408,49.94
-190.435,-461.901,22.549,50.007
-190.729,-463.382,22.698,50.074
-191.02,-464.873,22.848,50.141
-191.318,-466.373,22.979,50.208
-191.626,-467.878,23.087,50.275
-191.937,-469.388,23.144,50.342
-192.242,-470.899,23.126,50.409
-192.535,-472.408,23.034,50.476
-192.812,-473.91,22.885,50.543
-193.08,-475.403,22.697,50.61
-193.349,-476.882,22.494,50.677
-193.622,-478.346,22.302,50.744
-193.895,-479.8,22.142,50.811
-194.16,-481.246,22.017,50.878
-194.413,-482.688,21.924,50.945
-194.661,-484.126,21.857,51.012
-194.913,-485.56,21.818,51.079
-195.161,-486.993,21.802,51.146
-195.4,-488.428,21.803,51.213
-195.626,-489.865,21.827,51.28
-195.849,-491.306,21.866,51.347
-196.078,-492.748,21.911,51.414
-196.316,-494.192,21.973,51.481
-196.557,-495.641,22.046,51.548
-196.793,-497.095,22.12,51.615
-197.019,-498.557,22.208,51.682
-197.245,-500.024,22.303,51.749
-197.476,-501.498,22.396,51.816
-197.72,-502.976,22.502,51.883
-197.966,-504.46,22.613,51.95
-198.207,-505.953,22.72,52.017
-198.438,-507.455,22.813,52.084
-198.654,-508.964,22.887,52.151
-198.865,-510.476,22.92,52.218
-199.078,-511.988,22.892,52.285
-199.3,-513.493,22.813,52.352
-199.521,-514.992,22.69,52.419
-199.735,-516.482,22.543,52.486
-199.937,-517.963,22.391,52.553
-200.135,-519.436,22.255,52.62
-200.338,-520.901,22.148,52.687
-200.549,-522.359,22.073,52.754
-200.762,-523.813,22.024,52.821
-200.968,-525.266,21.996,52.888
-201.164,-526.719,21.993,52.955
-201.357,-528.174,22.003,53.022
-201.554,-529.629,22.033,53.089
-201.75,-531.087,22.073,53.156
-201.939,-532.549,22.127,53.223
-202.128,-534.015,22.17,53.29
-202.323,-535.481,22.191,53.357
-202.517,-536.947,22.164,53.424
-202.705,-538.409,22.082,53.491
-202.891,-539.862,21.945,53.558
-203.083,-541.304,21.763,53.625
-203.271,-542.732,21.553,53.692
-203.45,-544.148,21.334,53.759
-203.617,-545.55,21.124,53.826
-203.778,-546.941,20.943,53.893
-203.942,-548.322,20.799,53.96
-204.115,-549.693,20.693,54.027
-204.288,-551.059,20.619,54.094
-204.454,-552.422,20.572,54.161
-204.61,-553.785,20.554,54.228
-204.762,-555.147,20.555,54.295
-204.918,-556.51,20.578,54.362
-205.073,-557.876,20.614,54.429
-205.221,-559.245,20.666,54.496
-205.369,-560.617,20.71,54.563
-205.524,-561.991,20.737,54.63
-205.678,-563.364,20.72,54.697
-205.825,-564.735,20.654,54.764
-205.972,-566.098,20.535,54.831
-206.124,-567.451,20.375,54.898
-206.273,-568.792,20.185,54.965
-206.414,-570.121,19.986,55.032
-206.541,-571.439,19.794,55.099
-206.665,-572.745,19.628,55.166
-206.792,-574.042,19.499,55.233
-206.929,-575.331,19.408,55.3
-207.067,-576.615,19.351,55.367
-207.197,-577.898,19.32,55.434
-207.316,-579.181,19.319,55.501
-207.433,-580.465,19.336,55.568
-207.555,-581.751,19.375,55.635
-207.675,-583.04,19.421,55.702
-207.788,-584.332,19.467,55.769
-207.902,-585.626,19.484,55.836
-208.022,-586.919,19.466,55.903
-208.139,-588.209,19.399,55.97
-208.249,-589.492,19.284,56.037
-208.345,-590.767,19.132,56.104
-208.438,-592.031,18.955,56.171
-208.536,-593.282,18.771,56.238
-208.643,-594.521,18.598,56.305
-208.75,-595.749,18.452,56.372
-208.85,-596.97,18.342,56.439
-208.938,-598.187,18.273,56.506
-209.024,-599.401,18.233,56.573
-209.115,-600.614,18.226,56.64
-209.204,-601.827,18.24,56.707
-209.286,-603.043,18.28,56.774
-209.368,-604.261,18.325,56.841
-209.457,-605.482,18.369,56.908
-209.544,-606.705,18.388,56.975
-209.623,-607.928,18.364,57.042
-209.689,-609.147,18.298,57.109
-209.753,-610.361,18.188,57.176
-209.822,-611.564,18.042,57.243
-209.901,-612.757,17.876,57.31
-209.981,-613.937,17.705,57.377
-210.052,-615.108,17.547,57.444
-210.111,-616.271,17.416,57.511
-210.154,-617.427,17.324,57.578
-210.194,-618.58,17.272,57.645
-210.239,-619.73,17.248,57.712
-210.295,-620.879,17.258,57.779
-210.35,-622.031,17.292,57.846
-210.397,-623.185,17.337,57.913
-210.431,-624.343,17.371,57.98
-210.45,-625.503,17.393,58.047
-210.465,-626.662,17.382,58.114
-210.486,-627.818,17.323,58.181
-210.517,-628.968,17.226,58.248
-210.548,-630.11,17.096,58.315
-210.57,-631.242,16.946,58.382
-210.581,-632.365,16.79,58.449
-210.576,-633.477,16.644,58.516
-210.567,-634.581,16.518,58.583
-210.562,-635.678,16.429,58.65
-210.553,-636.771,16.38,58.717
-210.535,-637.863,16.363,58.784
-210.503,-638.955,16.381,58.851
-210.469,-640.049,16.413,58.918
-210.44,-641.145,16.456,58.985
-210.408,-642.244,16.489,59.052
-210.366,-643.343,16.494,59.119
-210.309,-644.44,16.463,59.186
-210.236,-645.532,16.391,59.253
-210.146,-646.616,16.289,59.32
-210.052,-647.692,16.157,59.387
-209.961,-648.758,16.013,59.454
-209.867,-649.814,15.871,59.521
-209.764,-650.862,15.745,59.588
-209.647,-651.9,15.646,59.655
-209.514,-652.932,15.579,59.722
-209.365,-653.959,15.554,59.789
-209.21,-654.985,15.554,59.856
-209.059,-656.013,15.581,59.923
-208.904,-657.042,15.617,59.99
-208.739,-658.071,15.64,60.057
-208.561,-659.1,15.65,60.124
-208.381,-660.127,15.626,60.191
-208.208,-661.151,15.57,60.258
-208.032,-662.17,15.484,60.325
-207.848,-663.18,15.371,60.392
-207.653,-664.18,15.244,60.459
-207.445,-665.169,15.115,60.526
-207.235,-666.149,14.993,60.593
-207.03,-667.123,14.895,60.66
-206.824,-668.091,14.828,60.727
-206.607,-669.054,14.794,60.794
-206.377,-670.013,14.787,60.861
-206.132,-670.969,14.796,60.928
-205.87,-671.922,14.823,60.995
-205.603,-672.875,14.841,61.062
-205.341,-673.83,14.849,61.129
-205.076,-674.783,14.836,61.196
-204.802,-675.731,14.792,61.263
-204.515,-676.671,14.72,61.33
-204.215,-677.601,14.622,61.397
-203.902,-678.519,14.51,61.464
-203.588,-679.428,14.392,61.531
-203.281,-680.331,14.282,61.598
-202.972,-681.227,14.192,61.665
-202.655,-682.115,14.126,61.732
-202.326,-682.996,14.086,61.799
-201.983,-683.869,14.07,61.866
-201.624,-684.736,14.068,61.933
-201.249,-685.597,14.076,62
-200.869,-686.456,14.089,62.067
-200.481,-687.311,14.093,62.134
-200.082,-688.161,14.074,62.201
-199.671,-689.003,14.034,62.268
-199.258,-689.839,13.973,62.335
-198.841,-690.667,13.895,62.402
-198.415,-691.485,13.804,62.469
-197.979,-692.29,13.707,62.536
-197.531,-693.081,13.613,62.603
-197.072,-693.86,13.528,62.67
-196.6,-694.625,13.458,62.737
-196.127,-695.384,13.411,62.804
-195.647,-696.137,13.386,62.871
-195.156,-696.882,13.377,62.938
-194.653,-697.618,13.377,63.005
-194.137,-698.346,13.377,63.072
-193.607,-699.063,13.37,63.139
-193.065,-699.769,13.349,63.206
-192.51,-700.462,13.311,63.273
-191.943,-701.142,13.253,63.34
-191.367,-701.807,13.179,63.407
-190.791,-702.464,13.099,63.474
-190.212,-703.113,13.018,63.541
-189.627,-703.749,12.941,63.608
-189.035,-704.371,12.872,63.675
-188.434,-704.98,12.815,63.742
-187.824,-705.575,12.771,63.809
-187.204,-706.156,12.74,63.876
-186.574,-706.724,12.718,63.943
-185.933,-707.278,12.702,64.01
-185.283,-707.819,12.686,64.077
-184.622,-708.345,12.665,64.144
-183.953,-708.858,12.636,64.211
-183.276,-709.355,12.596,64.278
-182.591,-709.837,12.546,64.345
-181.9,-710.303,12.486,64.412
-181.204,-710.752,12.42,64.479
-180.503,-711.186,12.352,64.546
-179.797,-711.603,12.285,64.613
-179.086,-712.004,12.224,64.68
-178.371,-712.389,12.171,64.747
-177.651,-712.758,12.127,64.814
-176.926,-713.111,12.093,64.881
-176.196,-713.449,12.066,64.948
-175.46,-713.772,12.041,65.015
-174.72,-714.08,12.017,65.082
-173.976,-714.373,11.99,65.149
-173.229,-714.65,11.957,65.216
-172.478,-714.912,11.918,65.283
-171.725,-715.158,11.872,65.35
-170.971,-715.389,11.82,65.417
-170.216,-715.603,11.765,65.484
-169.46,-715.802,11.708,65.551
-168.705,-715.986,11.654,65.618
-167.949,-716.154,11.603,65.685
-167.193,-716.306,11.557,65.752
-166.437,-716.443,11.517,65.819
-165.681,-716.566,11.482,65.886
-164.925,-716.673,11.451,65.953
-164.169,-716.766,11.421,66.02
-163.413,-716.844,11.396,66.087
-162.657,-716.907,11.386,66.154
-161.899,-716.956,11.405,66.221
-161.137,-716.991,11.459,66.288
-160.369,-717.011,11.544,66.355
-159.595,-717.017,11.653,66.422
-158.813,-717.007,11.781,66.489
-158.021,-716.983,11.923,66.556
-157.221,-716.944,12.076,66.623
-156.411,-716.888,12.236,66.69
-155.591,-716.817,12.392,66.757
-154.764,-716.729,12.536,66.824
-153.93,-716.624,12.659,66.891
-153.091,-716.502,12.757,66.958
-152.25,-716.364,12.829,67.025
-151.407,-716.208,12.879,67.092
-150.566,-716.036,12.913,67.159
-149.726,-715.846,12.942,67.226
-148.888,-715.64,12.976,67.293
-148.051,-715.416,13.025,67.36
-147.214,-715.175,13.094,67.427
-146.377,-714.916,13.185,67.494
-145.539,-714.637,13.289,67.561
-144.7,-714.34,13.391,67.628
-143.862,-714.023,13.467,67.695
-143.028,-713.69,13.499,67.762
-142.201,-713.34,13.475,67.829
-141.385,-712.975,13.395,67.896
-140.583,-712.598,13.269,67.963
-139.797,-712.209,13.113,68.03
-139.029,-711.81,12.948,68.097
-138.278,-711.401,12.793,68.164
-137.544,-710.98,12.666,68.231
-136.824,-710.548,12.58,68.298
-136.115,-710.103,12.542,68.365
-135.417,-709.643,12.55,68.432
-134.726,-709.167,12.593,68.499
-134.041,-708.676,12.656,68.566
-133.364,-708.168,12.722,68.633
-132.693,-707.645,12.773,68.7
-132.032,-707.107,12.795,68.767
-131.381,-706.557,12.779,68.834
-130.744,-705.996,12.723,68.901
-130.122,-705.426,12.632,68.968
-129.517,-704.85,12.517,69.035
-128.928,-704.267,12.393,69.102
-128.356,-703.678,12.271,69.169
-127.802,-703.084,12.164,69.236
-127.253,-702.492,12.089,69.303
-126.712,-701.898,12.05,69.37
-126.181,-701.295,12.044,69.437
-125.66,-700.683,12.063,69.504
-125.148,-700.061,12.096,69.571
-124.647,-699.427,12.129,69.638
-124.158,-698.782,12.151,69.705
-123.68,-698.128,12.152,69.772
-123.216,-697.465,12.127,69.839
-122.767,-696.797,12.075,69.906
-122.333,-696.123,12.001,69.973
-121.915,-695.447,11.912,70.04
-121.514,-694.767,11.818,70.107
-121.128,-694.085,11.728,70.174
-120.759,-693.4,11.654,70.241
-120.405,-692.712,11.614,70.308
-120.064,-692.017,11.62,70.375
-119.736,-691.313,11.667,70.442
-119.42,-690.598,11.746,70.509
-119.115,-689.872,11.85,70.576
-118.821,-689.133,11.972,70.643
-118.537,-688.38,12.109,70.71
-118.265,-687.613,12.259,70.777
-118.004,-686.831,12.418,70.844
-117.754,-686.034,12.584,70.911
-117.517,-685.222,12.757,70.978
-117.292,-684.394,12.932,71.045
-117.078,-683.552,13.09,71.112
-116.877,-682.695,13.246,71.179
-116.676,-681.83,13.368,71.246
-116.468,-680.96,13.473,71.313
-116.261,-680.083,13.55,71.38
-116.064,-679.2,13.598,71.447
-115.879,-678.312,13.626,71.514
-115.708,-677.42,13.644,71.581
-115.554,-676.524,13.666,71.648
-115.416,-675.622,13.703,71.715
-115.295,-674.715,13.757,71.782
-115.19,-673.8,13.835,71.849
-115.089,-672.879,13.937,71.916
-114.997,-671.95,14.055,71.983
-114.915,-671.011,14.176,72.05
-114.847,-670.062,14.317,72.117
-114.779,-669.103,14.456,72.184
-114.705,-668.136,14.612,72.251
-114.634,-667.157,14.772,72.318
-114.571,-666.168,14.922,72.385
-114.523,-665.169,15.053,72.452
-114.49,-664.161,15.163,72.519
-114.475,-663.147,15.245,72.586
-114.476,-662.128,15.32,72.653
-114.482,-661.105,15.372,72.72
-114.485,-660.078,15.424,72.787
-114.491,-659.049,15.48,72.854
-114.508,-658.015,15.545,72.921
-114.538,-656.976,15.617,72.988
-114.584,-655.931,15.714,73.055
-114.635,-654.881,15.816,73.122
-114.68,-653.822,15.936,73.189
-114.73,-652.755,16.067,73.256
-114.79,-651.68,16.202,73.323
-114.864,-650.597,16.335,73.39
-114.954,-649.504,16.486,73.457
-115.049,-648.403,16.628,73.524
-115.141,-647.292,16.777,73.591
-115.237,-646.172,16.92,73.658
-115.344,-645.044,17.049,73.725
-115.466,-643.909,17.156,73.792
-115.604,-642.769,17.26,73.859
-115.747,-641.624,17.343,73.926
-115.887,-640.474,17.425,73.993
-116.03,-639.318,17.5,74.06
-116.183,-638.158,17.58,74.127
-116.338,-636.993,17.673,74.194
-116.5,-635.822,17.77,74.261
-116.674,-634.645,17.885,74.328
-116.85,-633.461,17.999,74.395
-117.021,-632.268,18.127,74.462
-117.197,-631.066,18.261,74.529
-117.382,-629.857,18.39,74.596
-117.581,-628.641,18.533,74.663
-117.785,-627.416,18.67,74.73
-117.985,-626.182,18.812,74.797
-118.189,-624.94,18.919,74.864
-118.4,-623.694,18.978,74.931
-118.612,-622.448,18.952,74.998
-118.816,-621.207,18.843,75.065
-119.019,-619.977,18.659,75.132
-119.228,-618.762,18.426,75.199
-119.445,-617.566,18.165,75.266
-119.663,-616.388,17.905,75.333
-119.874,-615.224,17.671,75.4
-120.085,-614.074,17.485,75.467
-120.302,-612.934,17.348,75.534
-120.518,-611.802,17.253,75.601
-120.726,-610.672,17.199,75.668
-120.935,-609.545,17.177,75.735
-121.152,-608.419,17.187,75.802
-121.367,-607.292,17.217,75.869
-121.577,-606.16,17.272,75.936
-121.788,-605.024,17.338,76.003
-122.007,-603.884,17.426,76.07
-122.226,-602.739,17.518,76.137
-122.439,-601.586,17.619,76.204
-122.654,-600.427,17.691,76.271
-122.876,-599.267,17.723,76.338
-123.096,-598.108,17.692,76.405
-123.307,-596.952,17.592,76.472
-123.505,-595.804,17.436,76.539
-123.698,-594.667,17.24,76.606
-123.895,-593.545,17.027,76.673
-124.1,-592.439,16.816,76.74
-124.303,-591.345,16.631,76.807
-124.498,-590.26,16.489,76.874
-124.682,-589.181,16.394,76.941
-124.863,-588.105,16.338,77.008
-125.049,-587.031,16.322,77.075
-125.232,-585.957,16.337,77.142
-125.407,-584.88,16.37,77.209
-125.57,-583.797,16.432,77.276
-125.731,-582.71,16.502,77.343
-125.898,-581.618,16.579,77.41
-126.062,-580.522,16.635,77.477
-126.218,-579.423,16.646,77.544
-126.361,-578.324,16.611,77.611
-126.501,-577.23,16.518,77.678
-126.645,-576.145,16.381,77.745
-126.785,-575.07,16.215,77.812
-126.914,-574.005,16.036,77.879
-127.029,-572.951,15.864,77.946
-127.127,-571.904,15.716,78.013
-127.22,-570.866,15.605,78.08
-127.317,-569.833,15.54,78.147
-127.41,-568.801,15.518,78.214
-127.492,-567.769,15.528,78.281
-127.559,-566.734,15.564,78.348
-127.611,-565.694,15.613,78.415
-127.646,-564.65,15.675,78.482
-127.676,-563.603,15.715,78.549
-127.71,-562.555,15.729,78.616
-127.74,-561.508,15.701,78.683
-127.761,-560.465,15.626,78.75
-127.769,-559.429,15.513,78.817
-127.775,-558.401,15.371,78.884
-127.787,-557.384,15.217,78.951
-127.795,-556.377,15.068,79.018
-127.794,-555.378,14.939,79.085
-127.78,-554.387,14.839,79.152
-127.751,-553.4,14.782,79.219
-127.719,-552.416,14.761,79.286
-127.692,-551.431,14.778,79.353
-127.661,-550.443,14.82,79.42
-127.621,-549.454,14.86,79.487
-127.568,-548.462,14.9,79.554
-127.514,-547.469,14.912,79.621
-127.465,-546.477,14.895,79.688
-127.414,-545.487,14.843,79.755
-127.354,-544.504,14.752,79.822
-127.283,-543.528,14.637,79.889
-127.211,-542.561,14.506,79.956
-127.145,-541.603,14.374,80.023
-127.077,-540.652,14.257,80.09
-127.001,-539.709,14.163,80.157
-126.913,-538.772,14.101,80.224
-126.824,-537.837,14.07,80.291
-126.742,-536.902,14.073,80.358
-126.656,-535.966,14.098,80.425
-126.561,-535.029,14.123,80.492
-126.454,-534.092,14.151,80.559
-126.346,-533.154,14.157,80.626
-126.243,-532.216,14.143,80.693
-126.14,-531.281,14.096,80.76
-126.027,-530.351,14.022,80.827
-125.916,-529.428,13.928,80.894
-125.8,-528.511,13.82,80.961
-125.675,-527.604,13.711,81.028
-125.552,-526.703,13.609,81.095
-125.435,-525.807,13.526,81.162
-125.317,-524.915,13.469,81.229
-125.19,-524.028,13.433,81.296
-125.053,-523.143,13.424,81.363
-124.914,-522.258,13.427,81.43
-124.782,-521.371,13.442,81.497
-124.647,-520.484,13.457,81.564
-124.503,-519.599,13.452,81.631
-124.348,-518.716,13.434,81.698
-124.193,-517.836,13.39,81.765
-124.044,-516.958,13.328,81.832
-123.894,-516.086,13.251,81.899
-123.736,-515.221,13.162,81.966
-123.567,-514.364,13.072,82.033
-123.4,-513.513,12.986,82.1
-123.239,-512.666,12.915,82.167
-123.076,-511.822,12.864,82.234
-122.905,-510.983,12.827,82.301
-122.724,-510.148,12.811,82.368
-122.543,-509.313,12.801,82.435
-122.368,-508.478,12.803,82.502
-122.19,-507.642,12.804,82.569
-122.003,-506.81,12.797,82.636
-121.805,-505.981,12.769,82.703
-121.595,-505.158,12.729,82.77
-121.384,-504.338,12.67,82.837
-121.181,-503.522,12.603,82.904
-120.975,-502.71,12.531,82.971
-120.763,-501.906,12.456,83.038
-120.54,-501.109,12.385,83.105
-120.319,-500.317,12.325,83.172
-120.092,-499.529,12.277,83.239
-119.868,-498.743,12.246,83.306
-119.64,-497.96,12.229,83.373
-119.402,-497.18,12.22,83.44
-119.152,-496.405,12.204,83.507
-118.891,-495.634,12.192,83.574
-118.63,-494.866,12.167,83.641
-118.375,-494.097,12.138,83.708
-118.118,-493.331,12.101,83.775
-117.854,-492.571,12.054,83.842
-117.58,-491.819,11.993,83.909
-117.295,-491.075,11.929,83.976
-117.011,-490.335,11.869,84.043
-116.722,-489.601,11.816,84.11
-116.425,-488.874,11.764,84.177
-116.117,-488.154,11.721,84.244
-115.81,-487.437,11.691,84.311
-115.497,-486.724,11.67,84.378
-115.175,-486.017,11.653,84.445
-114.842,-485.315,11.636,84.512
-114.498,-484.621,11.615,84.579
-114.141,-483.935,11.587,84.646
-113.774,-483.258,11.553,84.713
-113.395,-482.59,11.511,84.78
-113.006,-481.931,11.456,84.847
-112.607,-481.282,11.4,84.914
-112.209,-480.638,11.347,84.981
-111.806,-480,11.301,85.048
-111.397,-479.37,11.259,85.115
-110.978,-478.749,11.223,85.182
-110.55,-478.137,11.191,85.249
-110.112,-477.535,11.163,85.316
-109.664,-476.942,11.136,85.383
-109.207,-476.359,11.109,85.45
-108.74,-475.786,11.08,85.517
-108.263,-475.224,11.048,85.584
-107.778,-474.672,11.011,85.651
-107.285,-474.131,10.964,85.718
-106.785,-473.601,10.915,85.785
-106.287,-473.074,10.87,85.852
-105.785,-472.553,10.829,85.919
-105.279,-472.041,10.791,85.986
-104.766,-471.539,10.753,86.053
-104.246,-471.048,10.717,86.12
-103.72,-470.568,10.681,86.187
-103.186,-470.098,10.653,86.254
-102.646,-469.638,10.651,86.321
-102.095,-469.187,10.685,86.388
-101.534,-468.743,10.758,86.455
-100.96,-468.305,10.86,86.522
-100.372,-467.873,10.985,86.589
-99.77,-467.445,11.126,86.656
-99.151,-467.023,11.279,86.723
-98.517,-466.607,11.43,86.79
-97.867,-466.196,11.571,86.857
-97.203,-465.794,11.692,86.924
-96.527,-465.399,11.776,86.991
-95.84,-465.014,11.842,87.058
-95.149,-464.629,11.896,87.125
-94.452,-464.249,11.939,87.192
-93.747,-463.877,11.976,87.259
-93.034,-463.515,12.015,87.326
-92.312,-463.165,12.064,87.393
-91.58,-462.826,12.13,87.46
-90.836,-462.499,12.214,87.527
-90.081,-462.183,12.315,87.594
-89.314,-461.879,12.419,87.661
-88.534,-461.586,12.539,87.728
-87.745,-461.293,12.672,87.795
-86.945,-461.004,12.806,87.862
-86.133,-460.724,12.933,87.929
-85.308,-460.455,13.048,87.996
-84.473,-460.198,13.146,88.063
-83.627,-459.956,13.229,88.13
-82.773,-459.729,13.298,88.197
-81.91,-459.517,13.358,88.264
-81.039,-459.322,13.414,88.331
-80.161,-459.143,13.472,88.398
-79.275,-458.981,13.54,88.465
-78.381,-458.836,13.616,88.532
-77.479,-458.709,13.693,88.599
-76.571,-458.599,13.751,88.666
-75.658,-458.506,13.776,88.733
-74.744,-458.431,13.75,88.8
-73.832,-458.373,13.68,88.867
-72.928,-458.32,13.565,88.934
-72.033,-458.262,13.424,89.001
-71.147,-458.208,13.274,89.068
-70.27,-458.164,13.131,89.135
-69.402,-458.134,13.008,89.202
-68.539,-458.119,12.917,89.269
-67.68,-458.121,12.867,89.336
-66.822,-458.139,12.856,89.403
-65.965,-458.174,12.878,89.47
-65.105,-458.227,12.918,89.537
-64.245,-458.297,12.964,89.604
-63.383,-458.385,12.998,89.671
-62.522,-458.49,13.01,89.738
-61.664,-458.612,12.989,89.805
-60.812,-458.75,12.934,89.872
-59.969,-458.905,12.849,89.939
-59.135,-459.075,12.742,90.006
-58.312,-459.261,12.625,90.073
-57.5,-459.461,12.511,90.14
-56.699,-459.676,12.41,90.207
-55.909,-459.906,12.333,90.274
-55.126,-460.151,12.283,90.341
-54.351,-460.411,12.261,90.408
-53.581,-460.687,12.263,90.475
-52.817,-460.979,12.278,90.542
-52.057,-461.287,12.297,90.609
-51.303,-461.61,12.31,90.676
-50.556,-461.949,12.307,90.743
-49.816,-462.302,12.283,90.81
-49.087,-462.668,12.236,90.877
-48.368,-463.046,12.168,90.944
-47.662,-463.437,12.085,91.011
-46.969,-463.839,11.996,91.078
-46.289,-464.251,11.909,91.145
-45.622,-464.675,11.832,91.212
-44.967,-465.109,11.77,91.279
-44.324,-465.555,11.725,91.346
-43.692,-466.012,11.699,91.413
-43.07,-466.482,11.687,91.48
-42.457,-466.963,11.689,91.547
-41.854,-467.458,11.702,91.614
-41.26,-467.965,11.725,91.681
-40.675,-468.485,11.76,91.748
-40.098,-469.019,11.807,91.815
-39.529,-469.566,11.868,91.882
-38.967,-470.129,11.944,91.949
-38.414,-470.706,12.035,92.016
-37.867,-471.3,12.139,92.083
-37.327,-471.909,12.252,92.15
-36.795,-472.535,12.368,92.217
-36.27,-473.178,12.483,92.284
-35.754,-473.836,12.59,92.351
-35.247,-474.51,12.688,92.418
-34.751,-475.199,12.774,92.485
-34.265,-475.902,12.848,92.552
-33.792,-476.619,12.912,92.619
-33.331,-477.348,12.968,92.686
-32.883,-478.089,13.023,92.753
-32.448,-478.843,13.08,92.82
-32.027,-479.609,13.144,92.887
-31.62,-480.388,13.218,92.954
-31.226,-481.18,13.302,93.021
-30.846,-481.985,13.396,93.088
-30.48,-482.804,13.498,93.155
-30.128,-483.637,13.605,93.222
-29.791,-484.484,13.715,93.289
-29.468,-485.344,13.822,93.356
-29.161,-486.217,13.925,93.423
-28.87,-487.103,14.021,93.49
-28.595,-488,14.108,93.557
-28.337,-488.907,14.187,93.624
-28.096,-489.825,14.26,93.691
-27.873,-490.752,14.33,93.758
-27.669,-491.687,14.401,93.825
-27.483,-492.632,14.475,93.892
-27.315,-493.585,14.554,93.959
-27.166,-494.547,14.641,94.026
-27.036,-495.519,14.736,94.093
-26.926,-496.499,14.839,94.16
-26.835,-497.489,14.948,94.227
-26.764,-498.487,15.061,94.294
-26.713,-499.495,15.175,94.361
-26.682,-500.511,15.288,94.428
-26.673,-501.534,15.398,94.495
-26.684,-502.565,15.503,94.562
-26.717,-503.602,15.603,94.629
-26.771,-504.645,15.698,94.696
-26.846,-505.692,15.789,94.763
-26.944,-506.743,15.877,94.83
-27.064,-507.799,15.966,94.897
-27.205,-508.857,16.056,94.964
-27.37,-509.918,16.15,95.031
-27.557,-510.983,16.25,95.098
-27.767,-512.05,16.355,95.165
-28.001,-513.12,16.467,95.232
-28.258,-514.192,16.584,95.299
-28.539,-515.267,16.704,95.366
-28.844,-516.343,16.827,95.433
-29.173,-517.422,16.953,95.5
-29.524,-518.502,17.089,95.567
-29.886,-519.59,17.223,95.634
-30.245,-520.686,17.344,95.701
-30.596,-521.793,17.449,95.768
-30.934,-522.911,17.54,95.835
-31.255,-524.039,17.623,95.902
-31.559,-525.178,17.706,95.969
-31.845,-526.328,17.807,96.036
-32.124,-527.486,17.904,96.103
-32.406,-528.65,18.015,96.17
-32.685,-529.823,18.134,96.237
-32.955,-531.007,18.258,96.304
-33.213,-532.202,18.381,96.371
-33.456,-533.409,18.522,96.438
-33.696,-534.626,18.655,96.505
-33.939,-535.852,18.8,96.572
-34.182,-537.088,18.947,96.639
-34.415,-538.336,19.093,96.706
-34.636,-539.595,19.232,96.773
-34.843,-540.867,19.381,96.84
-35.045,-542.149,19.513,96.907
-35.25,-543.439,19.64,96.974
-35.453,-544.736,19.733,97.041
-35.645,-546.039,19.762,97.108
-35.824,-547.341,19.71,97.175
-35.985,-548.639,19.58,97.242
-36.138,-549.925,19.383,97.309
-36.291,-551.196,19.14,97.376
-36.439,-552.45,18.879,97.443
-36.574,-553.689,18.626,97.51
-36.695,-554.915,18.407,97.577
-36.796,-556.13,18.237,97.644
-36.891,-557.337,18.108,97.711
-36.986,-558.537,18.02,97.778
-37.076,-559.733,17.969,97.845
-37.155,-560.928,17.949,97.912
-37.218,-562.124,17.953,97.979
-37.263,-563.323,17.979,98.046
-37.288,-564.524,18.023,98.113
-37.304,-565.728,18.087,98.18
-37.308,-566.938,18.164,98.247
-37.296,-568.153,18.252,98.314
-37.267,-569.374,18.341,98.381
-37.219,-570.601,18.423,98.448
-37.163,-571.829,18.454,98.515
-37.11,-573.057,18.43,98.582
-37.052,-574.279,18.339,98.649
-36.985,-575.493,18.188,98.716
-36.903,-576.693,17.994,98.783
-36.806,-577.878,17.778,98.85
-36.689,-579.047,17.56,98.917
-36.553,-580.201,17.363,98.984
-36.396,-581.341,17.205,99.051
-36.217,-582.47,17.094,99.118
-36.014,-583.589,17.022,99.185
-35.8,-584.702,16.986,99.252
-35.573,-585.811,16.982,99.319
-35.33,-586.919,17.004,99.386
-35.068,-588.024,17.046,99.453
-34.786,-589.13,17.116,99.52
-34.497,-590.238,17.191,99.587
-34.209,-591.352,17.287,99.654
-33.916,-592.471,17.395,99.721
-33.61,-593.595,17.509,99.788
-33.287,-594.722,17.628,99.855
-32.944,-595.852,17.751,99.922
-32.58,-596.984,17.876,99.989
-32.192,-598.117,18.005,100.056
-31.781,-599.252,18.14,100.123
-31.346,-600.388,18.294,100.19
-30.899,-601.529,18.436,100.257
-30.449,-602.68,18.589,100.324
-29.991,-603.838,18.746,100.391
-29.518,-605.002,18.901,100.458
-29.027,-606.169,19.053,100.525
-28.515,-607.338,19.203,100.592
-27.979,-608.508,19.35,100.659
-27.419,-609.677,19.496,100.726
-26.834,-610.846,19.649,100.793
-26.223,-612.013,19.817,100.86
-25.598,-613.185,19.971,100.927
-24.967,-614.364,20.133,100.994
-24.326,-615.551,20.295,101.061
-23.669,-616.741,20.454,101.128
-22.994,-617.933,20.608,101.195
-22.296,-619.124,20.758,101.262
-21.576,-620.313,20.904,101.329
-20.83,-621.499,21.056,101.396
-20.059,-622.679,21.203,101.463
-19.271,-623.861,21.354,101.53
-18.466,-625.043,21.512,101.597
-17.642,-626.225,21.664,101.664
-16.806,-627.41,21.819,101.731
-15.955,-628.597,21.972,101.798
-15.086,-629.784,22.122,101.865
-14.196,-630.968,22.267,101.932
-13.284,-632.148,22.415,101.999
-12.349,-633.321,22.559,102.066
-11.397,-634.493,22.705,102.133
-10.427,-635.663,22.85,102.2
-9.438,-636.83,22.991,102.267
-8.428,-637.991,23.138,102.334
-7.395,-639.147,23.295,102.401
-6.348,-640.301,23.44,102.468
-5.292,-641.462,23.589,102.535
-4.226,-642.625,23.73,102.602
-3.145,-643.787,23.841,102.669
-2.05,-644.942,23.895,102.736
-0.94,-646.083,23.87,102.803
0.181,-647.205,23.762,102.87
1.311,-648.303,23.584,102.937
2.449,-649.375,23.362,103.004
3.592,-650.416,23.124,103.071
4.736,-651.433,22.885,103.138
5.873,-652.433,22.668,103.205
7.009,-653.417,22.487,103.272
8.147,-654.383,22.34,103.339
9.292,-655.33,22.227,103.406
10.445,-656.256,22.149,103.473
11.602,-657.171,22.092,103.54
12.759,-658.081,22.06,103.607
13.918,-658.986,22.05,103.674
15.085,-659.882,22.055,103.741
16.263,-660.764,22.073,103.808
17.454,-661.632,22.108,103.875
18.661,-662.485,22.164,103.942
19.876,-663.33,22.223,104.009
21.096,-664.177,22.294,104.076
22.324,-665.021,22.372,104.143
23.562,-665.859,22.455,104.21
24.815,-666.686,22.539,104.277
26.083,-667.499,22.625,104.344
27.369,-668.298,22.722,104.411
28.672,-669.081,22.836,104.478
29.988,-669.855,22.942,104.545
31.312,-670.631,23.05,104.612
32.645,-671.404,23.141,104.679
33.987,-672.168,23.193,104.746
35.339,-672.918,23.189,104.813
36.697,-673.65,23.126,104.88
38.06,-674.36,23.014,104.947
39.425,-675.046,22.871,105.014
40.786,-675.715,22.704,105.081
42.139,-676.374,22.537,105.148
43.487,-677.022,22.391,105.215
44.833,-677.655,22.277,105.282
46.181,-678.271,22.193,105.349
47.533,-678.866,22.135,105.416
48.887,-679.449,22.1,105.483
50.246,-680.019,22.085,105.55
51.611,-680.574,22.091,105.617
52.984,-681.112,22.12,105.684
54.362,-681.642,22.156,105.751
55.744,-682.172,22.208,105.818
57.13,-682.7,22.269,105.885
58.525,-683.218,22.337,105.952
59.929,-683.723,22.408,106.019
61.345,-684.21,22.482,106.086
62.774,-684.678,22.559,106.153
64.214,-685.124,22.638,106.22
65.668,-685.548,22.727,106.287
67.134,-685.948,22.813,106.354
68.608,-686.333,22.856,106.421
70.083,-686.714,22.857,106.488
71.558,-687.086,22.808,106.555
73.03,-687.445,22.714,106.622
74.499,-687.785,22.588,106.689
75.964,-688.105,22.446,106.756
77.424,-688.4,22.308,106.823
78.882,-688.67,22.191,106.89
80.339,-688.913,22.109,106.957
81.796,-689.127,22.063,107.024
83.252,-689.324,22.032,107.091
84.709,-689.514,22.022,107.158
86.166,-689.694,22.03,107.225
87.627,-689.861,22.052,107.292
89.091,-690.01,22.085,107.359
90.56,-690.138,22.127,107.426
92.035,-690.243,22.176,107.493
93.514,-690.322,22.232,107.56
94.999,-690.376,22.289,107.627
96.488,-690.402,22.334,107.694
97.979,-690.4,22.36,107.761
99.47,-690.371,22.346,107.828
100.955,-690.325,22.263,107.895
102.431,-690.272,22.117,107.962
103.894,-690.212,21.922,108.029
105.343,-690.14,21.7,108.096
106.777,-690.051,21.494,108.163
108.198,-689.943,21.325,108.23
109.608,-689.812,21.19,108.297
111.009,-689.657,21.091,108.364
112.402,-689.477,21.031,108.431
113.79,-689.282,20.99,108.498
115.174,-689.082,20.974,108.565
116.558,-688.874,20.978,108.632
117.94,-688.653,20.999,108.699
119.321,-688.414,21.032,108.766
120.702,-688.155,21.075,108.833
122.081,-687.872,21.127,108.9
123.46,-687.565,21.197,108.967
124.839,-687.233,21.288,109.034
126.219,-686.887,21.375,109.101
127.605,-686.537,21.473,109.168
128.995,-686.178,21.577,109.235
130.39,-685.805,21.683,109.302
131.786,-685.415,21.79,109.369
133.185,-685.004,21.896,109.436
134.583,-684.568,22.003,109.503
135.982,-684.109,22.12,109.57
137.382,-683.623,22.254,109.637
138.784,-683.122,22.377,109.704
140.193,-682.615,22.506,109.771
141.607,-682.099,22.638,109.838
143.026,-681.568,22.767,109.905
144.446,-681.019,22.893,109.972
145.868,-680.448,23.023,110.039
147.291,-679.855,23.16,110.106
148.716,-679.249,23.263,110.173
150.144,-678.639,23.323,110.24
151.571,-678.024,23.319,110.307
152.99,-677.4,23.241,110.374
154.395,-676.764,23.099,110.441
155.782,-676.117,22.912,110.508
157.149,-675.455,22.709,110.575
158.494,-674.779,22.515,110.642
159.822,-674.096,22.347,110.709
161.139,-673.414,22.21,110.776
162.451,-672.739,22.104,110.843
163.757,-672.063,22.029,110.91
165.056,-671.381,21.978,110.977
166.345,-670.687,21.948,111.044
167.625,-669.977,21.94,111.111
168.896,-669.249,21.958,111.178
170.162,-668.511,21.984,111.245
171.43,-667.771,22.027,111.312
172.698,-667.025,22.08,111.379
173.964,-666.267,22.142,111.446
175.226,-665.494,22.221,111.513
176.49,-664.714,22.3,111.58
177.76,-663.934,22.39,111.647
179.033,-663.147,22.486,111.714
180.308,-662.348,22.582,111.781
181.581,-661.536,22.691,111.848
182.857,-660.715,22.792,111.915
184.14,-659.893,22.886,111.982
185.425,-659.066,22.949,112.049
186.707,-658.23,22.963,112.116
187.981,-657.384,22.929,112.183
189.248,-656.537,22.839,112.25
190.509,-655.697,22.71,112.317
191.761,-654.859,22.56,112.384
193,-654.019,22.409,112.451
194.224,-653.173,22.279,112.518
195.44,-652.329,22.18,112.585
196.654,-651.49,22.107,112.652
197.871,-650.661,22.063,112.719
199.086,-649.834,22.043,112.786
200.297,-649.001,22.04,112.853
201.502,-648.157,22.052,112.92
202.699,-647.3,22.086,112.987
203.895,-646.436,22.135,113.054
205.096,-645.574,22.192,113.121
206.307,-644.718,22.252,113.188
207.53,-643.872,22.33,113.255
208.76,-643.026,22.417,113.322
209.992,-642.173,22.507,113.389
211.223,-641.308,22.592,113.456
212.45,-640.428,22.675,113.523
213.678,-639.541,22.733,113.59
214.91,-638.657,22.749,113.657
216.147,-637.782,22.716,113.724
217.389,-636.922,22.645,113.791
218.629,-636.069,22.542,113.858
219.86,-635.219,22.418,113.925
221.08,-634.365,22.296,113.992
222.293,-633.515,22.192,114.059
223.505,-632.673,22.115,114.126
224.72,-631.842,22.068,114.193
225.936,-631.015,22.041,114.26
227.149,-630.186,22.037,114.327
228.364,-629.358,22.05,114.394
229.586,-628.537,22.076,114.461
230.817,-627.726,22.122,114.528
232.052,-626.916,22.18,114.595
233.289,-626.099,22.24,114.662
234.524,-625.272,22.316,114.729
235.762,-624.441,22.4,114.796
237.01,-623.612,22.483,114.863
238.268,-622.791,22.551,114.93
239.537,-621.981,22.606,114.997
240.812,-621.176,22.622,115.064
242.086,-620.37,22.601,115.131
243.359,-619.571,22.541,115.198
244.634,-618.783,22.45,115.265
245.91,-618.011,22.346,115.332
247.19,-617.257,22.245,115.399
248.468,-616.513,22.16,115.466
249.742,-615.77,22.096,115.533
251.009,-615.023,22.059,115.6
252.275,-614.275,22.046,115.667
253.545,-613.535,22.048,115.734
254.823,-612.806,22.064,115.801
256.112,-612.092,22.089,115.868
257.412,-611.396,22.131,115.935
258.726,-610.717,22.195,116.002
260.049,-610.047,22.26,116.069
261.378,-609.378,22.336,116.136
262.714,-608.712,22.414,116.203
264.06,-608.056,22.482,116.27
265.416,-607.411,22.53,116.337
266.781,-606.784,22.547,116.404
268.151,-606.166,22.53,116.471
269.523,-605.561,22.479,116.538
270.897,-604.972,22.403,116.605
272.273,-604.401,22.317,116.672
273.646,-603.842,22.224,116.739
275.015,-603.285,22.143,116.806
276.381,-602.734,22.086,116.873
277.75,-602.195,22.05,116.94
279.123,-601.672,22.033,117.007
280.504,-601.167,22.031,117.074
281.892,-600.683,22.05,117.141
283.29,-600.22,22.094,117.208
284.695,-599.769,22.14,117.275
286.104,-599.32,22.2,117.342
287.519,-598.876,22.269,117.409
288.943,-598.443,22.342,117.476
290.376,-598.024,22.408,117.543
291.818,-597.624,22.457,117.61
293.269,-597.246,22.481,117.677
294.725,-596.89,22.485,117.744
296.187,-596.56,22.458,117.811
297.648,-596.246,22.404,117.878
299.108,-595.949,22.331,117.945
300.567,-595.67,22.254,118.012
302.025,-595.412,22.186,118.079
303.481,-595.166,22.127,118.146
304.933,-594.922,22.091,118.213
306.386,-594.683,22.077,118.28
307.841,-594.453,22.085,118.347
309.296,-594.224,22.104,118.414
310.753,-593.99,22.143,118.481
312.213,-593.757,22.189,118.548
313.678,-593.529,22.25,118.615
315.146,-593.3,22.313,118.682
316.618,-593.064,22.378,118.749
318.094,-592.83,22.428,118.816
