Column1,Column2,Column3
-181.3353217,80.53986287,1.5
-181.3386544,79.53878062,1.60010878
-181.3418847,78.53502434,1.700484927
-181.3450131,77.52862721,1.801125127
-181.3480401,76.51962239,1.902026062
-181.3509661,75.50804307,2.003184417
-181.3537915,74.49392243,2.104596876
-181.3565169,73.47729362,2.206260121
-181.3591427,72.45818984,2.308170838
-181.3616693,71.43664425,2.41032571
-181.3640972,70.41269003,2.51272142
-181.366427,69.38636035,2.615354652
-181.3686589,68.35768839,2.71822209
-181.3707936,67.32670732,2.821320418
-181.3728314,66.29345032,2.924646319
-181.3747729,65.25795056,3.028196477
-181.3766185,64.22024122,3.131967575
-181.3783686,63.18035547,3.235956297
-181.3800237,62.13832649,3.340159327
-181.3815843,61.09418745,3.444573348
-181.3830508,60.04797152,3.549195043
-181.3844237,58.99971188,3.654021097
-181.3857035,57.94944171,3.759048192
-181.3868906,56.89719418,3.864273012
-181.3879855,55.84300246,3.96969224
-181.3889886,54.78689974,4.075302561
-181.3899004,53.72891917,4.181100656
-181.3907214,52.66909395,4.287083211
-181.3914521,51.60745724,4.393246907
-181.3920928,50.54404221,4.499588429
-181.392644,49.47888205,4.606104459
-181.3931063,48.41200993,4.712791682
-181.3934801,47.34345902,4.819646779
-181.3937658,46.27326249,4.926666436
-181.3939639,45.20145353,5.033847334
-181.3940749,44.1280653,5.141186157
-181.3940992,43.05313098,5.248679589
-181.3940373,41.97668375,5.356324312
-181.3938896,40.89875678,5.46411701
-181.3936566,39.81938325,5.572054366
-181.3933388,38.73859632,5.680133063
-181.3929366,37.65642918,5.788349785
-181.3924506,36.572915,5.896701214
-181.3918811,35.48808695,6.005184033
-181.3912286,34.40197821,6.113794927
-181.3904936,33.31462196,6.222530577
-181.3896765,32.22605136,6.331387668
-181.3887778,31.13629959,6.440362882
-181.387798,30.04539984,6.549452901
-181.3867375,28.95338526,6.65865441
-181.3855968,27.86028904,6.767964092
-181.3843764,26.76614435,6.877378629
-181.3830767,25.67098437,6.986894704
-181.3816981,24.57484227,7.096509001
-181.3802412,23.47775123,7.206218202
-181.3787063,22.37974441,7.316018991
-181.3770941,21.280855,7.42590805
-181.3754048,20.18111617,7.535882063
-181.3738027,19.18064441,7.635929367
-181.3721378,18.179523,7.736041647
-181.3704102,17.17777685,7.836216411
-181.3686205,16.17543089,7.936451166
-181.366769,15.17251004,8.036743422
-181.3648559,14.16903924,8.137090684
-181.3628816,13.1650434,8.237490462
-181.3608466,12.16054745,8.337940264
-181.3587511,11.15557632,8.438437596
-181.3565955,10.15015492,8.538979966
-181.3543801,9.144308187,8.639564884
-181.3521053,8.138061041,8.740189855
-181.3497714,7.131438408,8.840852389
-181.3473788,6.124465213,8.941549993
-181.3449278,5.117166379,9.042280175
-181.3424188,4.109566832,9.143040442
-181.3398521,3.101691496,9.243828302
-181.337228,2.093565295,9.344641264
-181.334547,1.085213156,9.445476834
-181.3318093,0.076660001,9.546332521
-181.3290153,-0.932069244,9.647205832
-181.3261654,-1.940949654,9.748094276
-181.3232598,-2.949956306,9.84899536
-181.320299,-3.959064273,9.949906591
-181.3172833,-4.968248633,10.05082548
-181.314213,-5.977484459,10.15174953
-181.3110885,-6.986746828,10.25267625
-181.3079101,-7.996010814,10.35360315
-181.3046783,-9.005251494,10.45452773
-181.3013932,-10.01444394,10.55544751
-181.2980553,-11.02356323,10.65635999
-181.2946649,-12.03258444,10.75726268
-181.2912224,-13.04148265,10.85815309
-181.2877281,-14.05023292,10.95902872
-181.2841823,-15.05881034,11.05988709
-181.2805855,-16.06718999,11.16072569
-181.2769379,-17.07534692,11.26154205
-181.2732399,-18.08325623,11.36233366
-181.2694918,-19.09089299,11.46309803
-181.2656941,-20.09823226,11.56383267
-181.261847,-21.10524914,11.6645351
-181.2579508,-22.11191868,11.7652028
-181.254006,-23.11821598,11.86583331
-181.2500129,-24.1241161,11.96642411
-181.2459718,-25.12959411,12.06697273
-181.2418831,-26.1346251,12.16747666
-181.2377471,-27.13918414,12.26793341
-181.2335642,-28.14324631,12.3683405
-181.2293346,-29.14678667,12.46869543
-181.2250589,-30.14978031,12.5689957
-181.2207372,-31.15220231,12.66923883
-181.2163701,-32.15402772,12.76942233
-181.2119577,-33.15523164,12.86954369
-181.2075004,-34.15578914,12.96960043
-181.2025461,-35.25562602,13.07958524
-181.1975383,-36.35461739,13.18948552
-181.1924777,-37.45273009,13.29929795
-181.1873645,-38.54993093,13.40901923
-181.1821994,-39.64618674,13.51864602
-181.1769827,-40.74146434,13.62817503
-181.171715,-41.83573057,13.73760292
-181.1663966,-42.92895224,13.84692638
-181.1610281,-44.02109619,13.95614209
-181.1556099,-45.11212923,14.06524674
-181.1501424,-46.20201819,14.17423701
-181.1446262,-47.29072991,14.28310958
-181.1390617,-48.37823119,14.39186113
-181.1334493,-49.46448887,14.50048835
-181.1277895,-50.54946978,14.60898792
-181.1220829,-51.63314073,14.71735651
-181.1163297,-52.71546856,14.82559083
-181.1105306,-53.79642009,14.93368753
-181.1046859,-54.87596214,15.04164332
-181.0987961,-55.95406154,15.14945487
-181.0928618,-57.03068512,15.25711886
-181.0868832,-58.1057997,15.36463198
-181.080861,-59.1793721,15.47199091
-181.0747956,-60.25136916,15.57919233
-181.0686874,-61.32175769,15.68623293
-181.0625368,-62.39050452,15.79310938
-181.0563445,-63.45757648,15.89981838
-181.0501107,-64.52294039,16.00635659
-181.0438361,-65.58656308,16.11272071
-181.0375209,-66.64841138,16.21890742
-181.0311658,-67.7084521,16.3249134
-181.0247712,-68.76665207,16.43073532
-181.0183374,-69.82297813,16.53636989
-181.0118651,-70.87739708,16.64181377
-181.0053546,-71.92987577,16.74706365
-180.9988064,-72.98038101,16.85211622
-180.992221,-74.02887963,16.95696815
-180.9855989,-75.07533846,17.06161613
-180.9789404,-76.11972432,17.16605684
-180.9722461,-77.16200403,17.27028696
-180.9655164,-78.20214442,17.37430317
-180.9587518,-79.24011232,17.47810217
-180.9519527,-80.27587456,17.58168062
-180.9451196,-81.30939794,17.68503522
-180.938253,-82.34064932,17.78816264
-180.9313534,-83.3695955,17.89105957
-180.9244211,-84.39620331,17.9937227
-180.9174567,-85.42043958,18.09614869
-180.9104606,-86.44227113,18.19833424
-180.9034333,-87.46166479,18.19906419
-180.8963752,-88.47858739,18.14822495
-180.8892868,-89.49300575,18.09751089
-180.8821686,-90.50488669,18.04692366
-180.875021,-91.51419704,17.99646493
-180.8678444,-92.52090363,17.94613636
-180.8606395,-93.52497327,17.89593959
-180.8534065,-94.5263728,17.8458763
-180.8454846,-95.61572442,17.79141597
-180.8375306,-96.70181583,17.73711861
-180.829545,-97.78460397,17.68298637
-180.8215284,-98.86404575,17.62902141
-180.8134815,-99.94009813,17.57522587
-180.8054048,-101.012718,17.52160191
-180.7972989,-102.0818623,17.46815169
-180.7891645,-103.147488,17.41487736
-180.781002,-104.2095521,17.36178106
-180.7728123,-105.2680113,17.30886496
-180.7645957,-106.3228227,17.25613121
-180.756353,-107.3739432,17.20358195
-180.7480848,-108.4213297,17.15121935
-180.7397915,-109.4649392,17.09904555
-180.7314739,-110.5047286,17.04706272
-180.7231325,-111.5406548,16.995273
-180.714768,-112.5726747,16.94367854
-180.7063809,-113.6007453,16.8922815
-180.6979718,-114.6248235,16.84108403
-180.6895413,-115.6448663,16.79008829
-180.6810901,-116.6608305,16.73929643
-180.6726187,-117.6726731,16.6887106
-180.6641277,-118.6803511,16.63833295
-180.6556177,-119.6838213,16.58816565
-180.6463779,-120.7661157,16.53405759
-180.6371172,-121.8433666,16.48020165
-180.6278366,-122.9155192,16.42660057
-180.6185366,-123.9825187,16.37325708
-180.6092181,-125.0443103,16.32017392
-180.5998819,-126.1008394,16.26735384
-180.5905287,-127.1520511,16.21479956
-180.5811592,-128.1978907,16.16251383
-180.5717743,-129.2383034,16.11049938
-180.5623747,-130.2732344,16.05875895
-180.5529611,-131.3026291,16.00729528
-180.5435344,-132.3264326,15.9561111
-180.5340952,-133.3445902,15.90520915
-180.5246444,-134.3570472,15.85459218
-180.5151827,-135.3637487,15.80426291
-180.5057109,-136.36464,15.75422409
-180.4955,-137.4359623,15.70066409
-180.4852791,-138.5004143,15.64744753
-180.4750494,-139.5579276,15.59457783
-180.4648116,-140.6084337,15.54205841
-180.4545667,-141.6518643,15.48989269
-180.4443158,-142.688151,15.43808409
-180.4340597,-143.7172254,15.38663603
-180.4237993,-144.739019,15.33555193
-180.4135358,-145.7534636,15.2848352
-180.4032699,-146.7604906,15.23448926
-180.3922693,-147.8311393,15.18096254
-180.3812683,-148.8931104,15.12786961
-180.3702681,-149.9463198,15.07521468
-180.3592699,-150.9906833,15.02300194
-180.3482748,-152.0261168,14.97123561
-180.3372841,-153.0525363,14.91991988
-180.3262988,-154.0698575,14.86905897
-180.3153201,-155.0779963,14.81865708
-180.3036182,-156.1431287,14.76540575
-180.2919266,-157.1976158,14.71268657
-180.2802468,-158.2413556,14.66050464
-180.2685801,-159.2742459,14.60886507
-180.256928,-160.2961847,14.55777297
-180.2452919,-161.3070699,14.50723343
-180.2329477,-162.3689096,14.45414632
-180.2206248,-163.4180332,14.40169489
-180.208325,-164.4543181,14.34988527
-180.19605,-165.4776419,14.29872356
-180.1838015,-166.4878821,14.2482159
-180.1708633,-167.5431514,14.19545689
-180.1579587,-168.58347,14.14344526
-180.1450897,-169.6086926,14.09218828
-180.1322585,-170.6186736,14.04169321
-180.1187574,-171.668069,13.98922747
-180.105303,-172.7001494,13.9376273
-180.0918976,-173.714744,13.88690124
-180.0778422,-174.7636598,13.83445911
-180.0638465,-175.7928119,13.78300496
-180.0499133,-176.8020008,13.73254876
-180.0353536,-177.8399456,13.68065469
-180.0208692,-178.8554303,13.62988339
-180.005779,-179.8949302,13.57791122
-179.9907786,-180.9092614,13.52719721
-179.9751963,-181.9424996,13.47553767
-179.9597203,-182.9476356,13.42528293
-179.9436892,-183.9661838,13.37435734
-179.9271234,-184.9939109,13.32297251
-179.9100448,-186.0263312,13.27135267
-179.8924775,-187.0586966,13.21973517
-179.8744477,-188.0859876,13.16837091
-179.8559841,-189.1029025,13.11752489
-179.8371176,-190.1038475,13.06747674
-179.8172658,-191.1135657,13.01698913
-179.796494,-192.1199449,12.96666748
-179.7742805,-193.136211,12.91585015
-179.7507442,-194.140938,12.86560804
-179.7208716,-195.1491277,12.81518448
-179.6624605,-196.149726,12.76507739
-179.5737225,-197.1497191,12.86546966
-179.4566041,-198.1482091,12.96600318
-179.3129778,-199.1443377,13.06664615
-179.1446443,-200.1372855,13.16735769
-178.9533345,-201.1262705,13.26808955
-178.7407113,-202.1105474,13.3687876
-178.5083712,-203.0894063,13.4693931
-178.2578461,-204.062172,13.56984388
-177.9906052,-205.0282026,13.67007525
-177.7038859,-206.0006276,13.77145663
-177.4026942,-206.9652928,13.87251579
-177.0883552,-207.9216343,13.97318347
-176.7621364,-208.8691182,14.07339047
-176.4201081,-209.8212748,14.17456288
-176.0681369,-210.7637153,14.27516495
-175.7017876,-211.7101298,14.37664954
-175.3273169,-212.6460326,14.47745343
-174.9457875,-213.5710001,14.57750989
-174.5520647,-214.4989316,14.67831042
-174.146588,-215.4295724,14.77982414
-173.7362927,-216.3482949,14.8804419
-173.3154482,-217.2691537,14.98168868
-172.8912838,-218.1774742,15.08193645
-172.457704,-219.0873969,15.18273084
-172.0151091,-219.99869,15.28403953
-171.5711267,-220.8966305,15.38421027
-171.1191822,-221.7954524,15.48481517
-170.6596571,-222.6949344,15.58582166
-170.1929329,-223.5948553,15.68719667
-169.7270809,-224.4804752,15.78726368
-169.2549927,-225.3660953,15.88762255
-168.7770317,-226.2515051,15.9882405
-168.2935611,-227.1364939,16.08908439
-167.8049442,-228.0208512,16.19012073
-167.3115445,-228.9043663,16.2913157
-166.8137251,-229.7868285,16.39263518
-166.3118495,-230.6680274,16.49404478
-165.8062808,-231.5477523,16.59550982
-165.2973825,-232.4257925,16.69699539
-164.7855178,-233.3019375,16.79846635
-164.2710501,-234.1759766,16.89988733
-163.7543426,-235.0476993,17.00122276
-163.2357588,-235.9168948,17.1024369
-162.7156618,-236.7833527,17.20349382
-162.194415,-237.6468623,17.30435744
-161.6723817,-238.507213,17.40499153
-161.1499253,-239.3641941,17.50535972
-160.627409,-240.2175951,17.60542552
-160.0966399,-241.0811006,17.70678418
-159.5665658,-241.9404689,17.8077541
-159.037568,-242.7954789,17.90829666
-158.5100282,-243.6459094,18.00837314
-157.975866,-244.5051379,18.10954641
-157.4440031,-245.3591777,18.21015764
-156.91484,-246.2077967,18.31016603
-156.3804537,-247.0640965,18.41110255
-155.8496861,-247.9143194,18.51133195
-155.3147609,-248.7713568,18.61235957
-154.7844408,-249.6216201,18.71256871
-154.2511258,-250.4777712,18.81343593
-153.7155232,-251.3392078,18.91487277
-153.1862361,-252.1926224,19.01529494
-152.6560014,-253.0502853,19.09371467
-152.1256426,-253.9115209,19.05359464
-151.5960331,-254.7756219,19.01339332
-151.0754663,-255.6297207,18.97371759
-150.5572637,-256.4854766,18.93403437
-150.0353553,-257.3539184,18.89384435
-149.518201,-258.2220726,18.85376094
-149.0069482,-259.089058,18.81383677
-148.5028049,-259.953956,18.77412667
-148.0007051,-260.8269043,18.73418083
-147.5026309,-261.7062994,18.69409206
-147.0104962,-262.5928744,18.6538701
-146.5328658,-263.4826016,18.61381408
-146.0710734,-264.3730413,18.71412037
-145.6173117,-265.2782721,18.81537957
-145.1790297,-266.1824721,18.91586184
-144.7486828,-267.1002483,19.01722809
-144.3334458,-268.0153531,19.11771881
-143.9260384,-268.942888,19.21902537
-143.533361,-269.8662101,19.31936077
-143.1483986,-270.8008826,19.35851003
-142.7777766,-271.7298965,19.31066432
-142.4147464,-272.6692449,19.2624912
-142.0593801,-273.6186201,19.21400011
-141.717889,-274.560504,19.16607474
-141.383928,-275.5114713,19.11786121
-141.0575654,-276.4712304,19.0693689
-140.7445949,-277.4218108,19.02149627
-140.4390791,-278.3803091,18.97337323
-140.1410826,-279.3464493,18.925009
-139.8506698,-280.3199555,18.8764129
-139.5730719,-281.2823298,18.82850035
-139.3029026,-282.2512729,18.78038245
-139.0402229,-283.2265241,18.73206824
-138.7850939,-284.2078223,18.68356681
-138.5375765,-285.1949067,18.63488729
-138.3021857,-286.1687383,18.58696203
-138.0742383,-287.1476421,18.5388829
-137.8537921,-288.1313718,18.49065864
-137.6409044,-289.119681,18.44229802
-137.4356331,-290.112323,18.39380986
-137.2380356,-291.1090517,18.34520296
-137.0481696,-292.1096205,18.29648616
-136.8695204,-293.0944397,18.24860801
-136.6984179,-294.0824834,18.20064101
-136.5349166,-295.0735188,18.15259351
-136.3790706,-296.0673136,18.10447386
-136.2309345,-297.0636353,18.05629041
-136.0905626,-298.0622513,18.0080515
-135.9580091,-299.0629293,17.95976545
-135.8333285,-300.0654366,17.91144057
-135.716575,-301.0695409,17.86308514
-135.6078031,-302.0750097,17.81470743
-135.5070672,-303.0816104,17.76631568
-135.4144214,-304.0891106,17.71791808
-135.3299203,-305.0972778,17.66952281
-135.2536181,-306.1058795,17.62113799
-135.1855692,-307.1146832,17.57277171
-135.1258279,-308.1234565,17.524432
-135.0744486,-309.1319669,17.47612685
-135.0314857,-310.1399818,17.42786419
-134.9969935,-311.1472688,17.37965188
-134.9710263,-312.1535955,17.33149773
-134.9536385,-313.1587292,17.28340948
-134.9448844,-314.1624376,17.23539477
-134.9448185,-315.1644882,17.1874612
-134.953495,-316.1646484,17.13961624
-134.9713991,-317.1822324,17.09093208
-134.9985061,-318.1973631,17.0423555
-135.0348734,-319.209794,16.99389414
-135.0805587,-320.2192789,16.94555552
-135.1356195,-321.2255711,16.89734704
-135.2001136,-322.2284243,16.84927597
-135.2740984,-323.227592,16.80134944
-135.3593321,-324.2419269,16.75265724
-135.4545459,-325.2519162,16.70412969
-135.5598009,-326.2572992,16.65577387
-135.6751581,-327.2578149,16.60759665
-135.8006784,-328.2532023,16.55960472
-135.9390829,-329.2618263,16.51090458
-136.0881655,-330.2645798,16.46241014
-136.2479907,-331.261187,16.41412781
-136.4186232,-332.2513718,16.3660637
-136.6001273,-333.2348582,16.31822369
-136.796235,-334.2293864,16.26973387
-137.0037558,-335.216388,16.22148788
-137.2227579,-336.1955714,16.17349093
-137.4576087,-337.1842241,16.12488224
-137.7045048,-338.1641616,16.07654152
-137.9635182,-339.1350762,16.02847309
-138.2396748,-340.1137445,15.97982992
-138.5285356,-341.0824214,15.93147642
-138.8301767,-342.0407822,15.88341561
-139.1503064,-343.0050322,15.83481464
-139.4838271,-343.9579229,15.78652124
-139.8308188,-344.8991124,15.73853672
-140.1976969,-345.844171,15.6900424
-140.5786814,-346.7764077,15.64186814
-140.9738563,-347.6954625,15.59401293
-141.3903692,-348.6162043,15.54567189
-141.8217333,-349.5225629,15.49765591
-142.2756024,-350.4288923,15.44916879
-142.7450062,-351.3195659,15.54984845
-143.234361,-352.2046059,15.65098025
-143.7260986,-353.0824082,15.75159549
-144.2182192,-353.9579652,15.85203367
-144.7106736,-354.8313481,15.95229877
-145.2034128,-355.702628,16.05239475
-145.705038,-356.5871083,16.15407726
-146.2068555,-357.4695599,16.25559285
-146.7088134,-358.3500576,16.3569456
-147.2108601,-359.2286763,16.45813956
-147.7129438,-360.1054911,16.55917877
-148.2150127,-360.9805768,16.66006724
-148.7170152,-361.8540085,16.76080895
-149.2188994,-362.7258609,16.86140788
-149.7206137,-363.5962092,16.96186799
-150.2221063,-364.4651282,17.06219321
-150.7233254,-365.3326928,17.16238748
-151.2242194,-366.1989781,17.2624547
-151.7333625,-367.078964,17.36412091
-152.2420611,-367.9577824,17.46566381
-152.7502607,-368.8355122,17.5670875
-153.2579069,-369.7122324,17.66839609
-153.7649453,-370.5880217,17.76959366
-154.2713213,-371.4629592,17.87068433
-154.7769806,-372.3371236,17.97167218
-155.2818686,-373.2105939,18.07256134
-155.7859308,-374.0834489,18.17335591
-156.2891129,-374.9557675,18.27406004
-156.7913604,-375.8276287,18.37467785
-157.2926188,-376.6991112,18.4752135
-157.7928336,-377.570294,18.57567117
-158.2919504,-378.441256,18.67605505
-158.7899147,-379.3120761,18.77636936
-159.2866721,-380.1828331,18.87661833
-159.782168,-381.0536059,18.97680623
-160.2763481,-381.9244734,19.07693735
-160.7691579,-382.7955145,19.17701602
-161.2605429,-383.666808,19.2770466
-161.758739,-384.5532096,19.37872783
-162.2553481,-385.4400368,19.48036852
-162.7503127,-386.3273726,19.58197339
-163.2435758,-387.2153,19.68354718
-163.7350798,-388.103902,19.78509469
-164.2247677,-388.9932615,19.88662077
-164.7125821,-389.8834614,19.98813032
-165.1984657,-390.7745848,20.08962829
-165.6823613,-391.6667146,20.19111969
-166.1642116,-392.5599338,20.2926096
-166.6439592,-393.4543253,20.39410315
-167.121547,-394.3499721,20.49560553
-167.5969177,-395.2469572,20.597122
-168.0700139,-396.1453635,20.6986579
-168.5407783,-397.045274,20.80021863
-169.0091538,-397.9467717,20.90180965
-169.4750831,-398.8499394,21.00343653
-169.9385088,-399.7548603,21.10510487
-170.3917138,-400.6464891,21.2051247
-170.8423883,-401.5399722,21.1711822
-171.2904776,-402.4353884,21.12173236
-171.7359274,-403.3328166,21.07225175
-172.1786832,-404.2323357,21.02273751
-172.6186905,-405.1340246,20.97318679
-173.0558948,-406.0379622,20.92359667
-173.4902418,-406.9442273,20.8739642
-173.9216768,-407.8528989,20.82428637
-174.3501456,-408.7640558,20.77456016
-174.7755935,-409.6777769,20.72478247
-175.1979663,-410.5941412,20.67495019
-175.6172093,-411.5132274,20.62506013
-176.0332681,-412.4351144,20.57510908
-176.4460883,-413.3598813,20.52509378
-176.8556154,-414.2876067,20.47501091
-177.2617949,-415.2183697,20.42485713
-177.6645725,-416.1522491,20.37462902
-178.0571544,-417.0734141,20.32517644
-178.4463444,-417.997742,20.27564537
-178.8320905,-418.9253076,20.22603245
-179.2143412,-419.856186,20.17633426
-179.5930446,-420.790452,20.12654734
-179.9681489,-421.7281806,20.07666818
-180.3396026,-422.6694468,20.02669323
-180.7073538,-423.6143254,19.9766189
-181.0713507,-424.5628915,19.92644154
-181.425364,-425.4987682,19.87702535
-181.7756524,-426.4383498,19.82750254
-182.1221668,-427.3817075,19.77786952
-182.4651113,-428.3312318,19.72801068
-182.7995237,-429.2945411,19.67765076
-183.1218311,-430.2632134,19.77973935
-183.4314249,-431.2293238,19.88118972
-183.7277544,-432.1855192,19.9812957
-184.0184276,-433.152326,20.08225145
-184.3031701,-434.126218,20.1837179
-184.5817262,-435.1038405,20.28537119
-184.8538585,-436.0820041,20.38690247
-185.1193463,-437.0576787,20.48801748
-185.3779851,-438.0279876,20.58843627
-185.6379939,-439.022665,20.69124619
-185.890869,-440.0081257,20.792985
-186.1364404,-440.9818161,20.89340304
-186.3830736,-441.9759352,20.99582866
-186.6221682,-442.9548876,21.09660137
-186.8621718,-443.9523545,21.19919484
-187.0944273,-444.9314888,21.29982519
-187.3274552,-445.9273638,21.4021027
-187.5525493,-446.9019589,21.50212785
-187.7782947,-447.8916531,21.6036392
-188.0046597,-448.896238,21.70661648
-188.222873,-449.8760338,21.8069966
-188.4416013,-450.8692193,21.90869515
-188.6608163,-451.8756092,22.01169398
-188.8716944,-452.8539945,22.11177931
-189.0829699,-453.8442146,22.21303014
-189.2946179,-454.8461056,22.222222
-189.5066131,-455.8595039,22.222222
-189.710078,-456.8413236,22.222222
-189.9138169,-457.833417,22.222222
-190.1178076,-458.8356398,22.222222
-190.3220283,-459.8478478,22.222222
-190.5264568,-460.869897,22.222222
-190.7221712,-461.8565849,22.222222
-190.9180363,-462.8520186,22.222222
-191.1140328,-463.856072,22.222222
-191.3101414,-464.8686189,22.222222
-191.5063428,-465.8895332,22.222222
-191.7026177,-466.9186886,22.222222
-191.8900219,-467.9086361,22.222222
-192.0774587,-468.9058678,22.222222
-192.2649114,-469.9102742,22.222222
-192.4523631,-470.9217453,22.222222
-192.6397972,-471.9401715,22.222222
-192.8271967,-472.965443,22.222222
-193.014545,-473.9974501,22.222222
-193.1929089,-474.9864757,22.222222
-193.3711967,-475.9814164,22.222222
-193.5493937,-476.9821773,22.222222
-193.7274855,-477.9886636,22.222222
-193.9054576,-479.0007806,22.222222
-194.0832955,-480.0184335,22.222222
-194.2609847,-481.0415274,22.222222
-194.4385108,-482.0699676,22.222222
-194.6158591,-483.1036592,22.222222
-194.7841623,-484.0904441,22.222222
-194.9522796,-485.0818015,22.222222
-195.1201987,-486.0776504,22.222222
-195.287907,-487.0779092,22.222222
-195.4553922,-488.0824969,22.222222
-195.6226418,-489.091332,22.222222
-195.7896434,-490.1043334,22.222222
-195.9563846,-491.1214198,22.222222
-196.122853,-492.1425098,22.222222
-196.289036,-493.1675222,22.222222
-196.4549214,-494.1963757,22.222222
-196.6204967,-495.2289891,22.222222
-196.7857493,-496.265281,22.222222
-196.950667,-497.3051702,22.222222
-197.1065846,-498.2935731,22.222222
-197.2621798,-499.2850624,22.222222
-197.417442,-500.2795692,22.222222
-197.5723607,-501.2770244,22.222222
-197.7269254,-502.2773587,22.222222
-197.8811254,-503.2805032,22.222222
-198.0349503,-504.2863886,22.222222
-198.1883893,-505.294946,22.222222
-198.341432,-506.3061061,22.222222
-198.4940679,-507.3197999,22.222222
-198.6462862,-508.3359583,22.222222
-198.7980765,-509.3545121,22.222222
-198.9494282,-510.3753924,22.222222
-199.1003308,-511.3985298,22.222222
-199.2507736,-512.4238554,22.222222
-199.4007461,-513.4513001,22.222222
-199.5502377,-514.4807946,22.222222
-199.6992379,-515.51227,22.222222
-199.8477361,-516.5456571,22.222222
-199.9957218,-517.5808869,22.222222
-200.1431843,-518.6178901,22.222222
-200.2901131,-519.6565977,22.222222
-200.4364976,-520.6969406,22.222222
-200.5823273,-521.7388497,22.222222
-200.7275916,-522.7822558,22.222222
-200.87228,-523.8270899,22.222222
-201.0163818,-524.8732829,22.16965418
-201.1598865,-525.9207656,22.11702681
-201.3027835,-526.9694689,22.06434332
-201.4371743,-527.9609695,22.0145383
-201.5710048,-528.953439,21.96468921
-201.7042661,-529.9468193,21.91479897
-201.8369491,-530.941052,21.86487049
-201.9690452,-531.9360789,21.81490668
-202.1005453,-532.931842,21.76491044
-202.2314405,-533.9282828,21.71488467
-202.3617219,-534.9253433,21.6648323
-202.4913808,-535.9229652,21.61475622
-202.620408,-536.9210903,21.56465934
-202.7487948,-537.9196603,21.51454457
-202.8765322,-538.9186171,21.46441482
-203.0036114,-539.9179024,21.41427299
-203.1300234,-540.917458,21.36412199
-203.2557593,-541.9172257,21.31396473
-203.3808103,-542.9171474,21.2638041
-203.5051673,-543.9171646,21.21364303
-203.6288217,-544.9172193,21.16348441
-203.7517643,-545.9172533,21.11333116
-203.8739864,-546.9172082,21.06318617
-203.995479,-547.917026,21.01305235
-204.1162332,-548.9166483,20.96293261
-204.2362402,-549.916017,20.91282985
-204.3554909,-550.9150738,20.86274699
-204.4739766,-551.9137605,20.81268691
-204.5916883,-552.912019,20.76265253
-204.7086172,-553.9097909,20.71264675
-204.8247542,-554.9070181,20.66267248
-204.9400906,-555.9036423,20.61273261
-205.0546173,-556.8996054,20.56283006
-205.1683256,-557.8948491,20.51296772
-205.2812065,-558.8893153,20.4631485
-205.3998157,-559.9413671,20.41044896
-205.5174768,-560.9924128,20.35780446
-205.6341792,-562.0423833,20.30521844
-205.7499123,-563.0912094,20.25269435
-205.8646656,-564.138822,20.20023563
-205.9784284,-565.1851521,20.14784573
-206.0911903,-566.2301304,20.09552808
-206.2029407,-567.273688,20.04328613
-206.3136689,-568.3157557,19.99112332
-206.4233645,-569.3562644,19.93904309
-206.5320169,-570.3951449,19.88704889
-206.6396154,-571.4323283,19.83514414
-206.7461496,-572.4677453,19.7833323
-206.8516088,-573.5013269,19.7316168
-206.9559826,-574.5330039,19.68000108
-207.0592602,-575.5627073,19.62848857
-207.1614313,-576.5903679,19.57708271
-207.2624851,-577.6159167,19.52578694
-207.3624112,-578.6392845,19.4746047
-207.4611989,-579.6604022,19.42353941
-207.5588377,-580.6792007,19.37259452
-207.6553171,-581.695611,19.32177345
-207.7506264,-582.7095638,19.27107963
-207.8447551,-583.7209901,19.22051651
-207.9376927,-584.7298209,19.1700875
-208.0294285,-585.7359869,19.11979604
-208.119952,-586.739419,19.06964555
-208.2092527,-587.7400483,19.01963947
-208.2973199,-588.7378055,18.96978121
-208.38893,-589.7878014,18.91731722
-208.4791416,-590.8344391,18.86502578
-208.5679422,-591.8776372,18.81291092
-208.6553195,-592.9173144,18.76097666
-208.7412611,-593.9533896,18.70922703
-208.8257544,-594.9857813,18.65766605
-208.9087872,-596.0144083,18.60629774
-208.9903468,-597.0391893,18.55512612
-209.070421,-598.0600432,18.50415519
-209.1489973,-599.0768885,18.45338899
-209.2260633,-600.089644,18.40283151
-209.3016065,-601.0982284,18.35248677
-209.3756145,-602.1025605,18.30235878
-209.4480749,-603.102559,18.25245155
-209.5226635,-604.1504179,18.2001605
-209.5955089,-605.1932901,18.14812317
-209.6665968,-606.2310809,18.09634421
-209.7359126,-607.2636954,18.04482828
-209.8034419,-608.2910389,17.99358005
-209.8691701,-609.3130166,17.94260417
-209.9330827,-610.3295336,17.89190529
-209.9951654,-611.3404951,17.84148805
-210.0554035,-612.3458065,17.79135711
-210.1137826,-613.3453728,17.74151711
-210.173064,-614.3886306,17.6895033
-210.230263,-615.4253402,17.63782072
-210.285363,-616.455392,17.58647473
-210.338347,-617.4786762,17.53547068
-210.3891984,-618.4950829,17.48481392
-210.4379003,-619.5045026,17.43450979
-210.484436,-620.5068254,17.38456362
-210.530846,-621.5491465,17.3326288
-210.5748408,-622.5834321,17.28109881
-210.6164012,-623.6095561,17.22997976
-210.6555078,-624.6273923,17.17927774
-210.6921414,-625.6368146,17.12899885
-210.7262827,-626.6376966,17.07914916
-210.7592901,-627.6748052,17.02749907
-210.7895303,-628.7022974,16.97633164
-210.8169812,-629.7200293,16.92565378
-210.8416209,-630.7278565,16.87547237
-210.8643108,-631.7687865,16.82364589
-210.8838906,-632.7986111,16.77237525
-210.9003352,-633.8171664,16.72166821
-210.9136197,-634.8242888,16.67153252
-210.9240703,-635.8610405,16.61992371
-210.9310363,-636.8850237,16.56895192
-210.9344895,-637.8960532,16.51862581
-210.934324,-638.9335837,16.46698085
-210.9302967,-639.9566949,16.41605325
-210.9223755,-640.9651787,16.3658526
-210.9099942,-641.9967449,16.31450084
-210.8933439,-643.0120789,16.26395396
-210.8715297,-644.0476234,16.21239642
-210.8450462,-645.0652002,16.16172755
-210.812652,-646.0998998,16.11019828
-210.7751623,-647.1147573,16.05964746
-210.7309706,-648.143422,16.00839659
-210.6812296,-649.1502234,15.95822011
-210.6239488,-650.1672763,15.90751423
-210.5584931,-651.1919178,15.85640689
-210.486551,-652.1905553,15.80656908
-210.4055042,-653.1927535,15.75652
-210.3146519,-654.1955151,15.70640128
-210.2132613,-655.1956844,15.65636089
-210.1005676,-656.1899414,15.60655307
-209.9722722,-657.2008865,15.55582785
-209.8305229,-658.1965988,15.50576476
-209.6703801,-659.196913,15.45533827
-209.4900411,-660.1939827,15.40490205
-209.2944187,-661.179156,15.35490586
-209.0923043,-662.1754263,15.30430449
-208.8866277,-663.1697879,15.25376062
-208.6772423,-664.1620477,15.2032814
-208.4640019,-665.1520127,15.15287388
-208.2467602,-666.1394901,15.10254498
-208.0253708,-667.1242869,15.05230152
-207.7996874,-668.1062102,15.00215015
-207.5695638,-669.085067,14.95209741
-207.3348535,-670.0606644,14.90214969
-207.0954102,-671.0328094,14.85231321
-206.8469038,-672.0176918,14.8017524
-206.5931974,-672.9986014,14.75131913
-206.3341371,-673.9753353,14.70101939
-206.0695691,-674.9476905,14.65085902
-205.7993395,-675.9154641,14.60084362
-205.5232943,-676.8784532,14.55097856
-205.2365281,-677.8523782,14.50044187
-204.9434301,-678.8209349,14.45007108
-204.6438387,-679.7839101,14.39987107
-204.337592,-680.7410905,14.34984646
-204.0245285,-681.6922629,14.30000157
-203.6991808,-682.6526521,14.24952782
-203.3664539,-683.6063905,14.19924773
-203.0261782,-684.5532543,14.14916478
-202.6781838,-685.4930196,14.09928209
-202.3164953,-686.4404405,14.04880279
-201.9464837,-687.380066,13.99853549
-201.5679708,-688.3116612,13.94848216
-201.1807785,-689.234991,13.89864427
-200.7783697,-690.1642721,13.8482369
-200.3666331,-691.0845347,13.79805334
-199.945382,-691.9955326,13.74809345
-199.5076181,-692.9110285,13.69758115
-199.0596516,-693.816456,13.64729739
-198.601287,-694.7115569,13.59724004
-198.1323286,-695.5960734,13.54740624
-197.6451148,-696.4831025,13.49703078
-197.1465721,-697.358683,13.44687745
-196.6364958,-698.2225446,13.39694075
-196.1066834,-699.0872308,13.34646247
-195.5645598,-699.9392796,13.29619319
-195.0099108,-700.7784084,13.24612424
-194.4425222,-701.6043346,13.1962459
-193.8534184,-702.428798,13.14580691
-193.2507472,-703.2390754,13.09554066
-192.6342843,-704.0348713,13.0454335
-192.0038058,-704.8158904,12.99547053
-191.3590877,-705.5818373,12.94563562
-190.6901031,-706.3433384,12.89518089
-190.0059923,-707.0887079,12.84482055
-189.3065212,-707.8176372,12.79453371
-188.5914558,-708.5298178,12.7442981
-187.860562,-709.224941,12.69409005
-187.1136059,-709.9026982,12.64388456
-186.3503533,-710.5627808,12.59365526
-185.5705702,-711.2048802,12.54337445
-184.7740226,-711.8286878,12.49301311
-183.9604763,-712.4338949,12.44254098
-183.141862,-713.0118324,12.39266121
-182.3062868,-713.5711096,12.34261196
-181.4535268,-714.1114311,12.29236088
-180.5833581,-714.6325014,12.24187463
-179.7087413,-715.126793,12.19186743
-178.8167921,-715.6018262,12.14156502
-177.921001,-716.0506651,12.09169129
-177.0079783,-716.4802719,12.04146424
-176.0917483,-716.8843098,11.99161968
-175.1584106,-717.269174,11.94136632
-174.2225269,-717.6291331,11.89145408
-173.2696814,-717.9700076,11.84108079
-172.3149765,-718.286677,11.79101262
-171.3434765,-718.5843801,11.7404349
-170.370827,-718.8586124,11.69013199
-169.3976576,-719.1100552,11.64009993
-168.4082495,-719.3430665,11.58950302
-167.4190629,-719.5540704,11.53915672
-166.4307409,-719.7437709,11.48906319
-165.4391442,-719.9103415,11.43901312
-164.4410047,-720.0395331,11.45712932
-163.4361273,-720.1312885,11.55803511
-162.4365135,-720.1869369,11.65815126
-161.4336063,-720.2092328,11.75846676
-160.428848,-720.1997773,11.85894704
-159.4236125,-720.1601244,11.95954876
-158.4192075,-720.091782,12.0602215
-157.4168758,-719.9962133,12.16090925
-156.4177971,-719.8748367,12.26155172
-155.4230894,-719.729028,12.36208548
-154.4338108,-719.5601203,12.46244493
-153.4509611,-719.3694053,12.56256314
-152.4642521,-719.1555762,12.6635244
-151.4857428,-718.9219014,12.7641268
-150.5162942,-718.669577,12.86430155
-149.545419,-718.3964673,12.96515727
-148.58516,-718.106525,13.065465
-147.6249534,-717.7971034,13.16634802
-146.6767983,-717.4725868,13.26656325
-145.7300901,-717.1298435,13.29890413
-144.7855226,-716.7692695,13.25486453
-143.8549813,-716.395862,13.21119009
-142.9278766,-716.0058146,13.16737859
-142.0048777,-715.5995094,13.12345139
-141.0866539,-715.1773285,13.0794301
-140.1848367,-714.7450179,13.03586818
-139.2889789,-714.2979532,12.99225705
-138.3997257,-713.8365029,12.94861808
-137.5177225,-713.3610354,12.90497279
-136.6436146,-712.8719192,12.8613427
-135.7780474,-712.3695228,12.81774939
-134.911282,-711.8478521,12.77368393
-134.0545973,-711.3133348,12.72970047
-133.2086626,-710.766353,12.68582115
-132.3741471,-710.2072889,12.64206797
-131.5517201,-709.6365244,12.5984627
-130.7323763,-709.0473613,12.55450469
-129.9267932,-708.4470016,12.51074225
-129.1263363,-707.8285024,12.46668002
-128.3413988,-707.1993544,12.42286215
-127.5637555,-706.5523866,12.37879941
-126.8034794,-705.8953631,12.33503038
-126.0527944,-705.2209023,12.29107264
-125.3214154,-704.5370257,12.24745771
-124.6020569,-703.836159,12.20371055
-123.8962306,-703.1184524,12.1598637
-123.2055113,-702.3840842,12.1159499
-122.5315389,-701.6332613,12.0720019
-121.8760195,-700.8662208,12.02805211
-121.2407272,-700.0832303,11.98413226
-120.6275059,-699.2845891,11.94027297
-120.0382706,-698.4706292,11.89650331
-119.4750094,-697.6417159,11.85285016
-118.9344482,-696.7895247,11.80889218
-118.4248097,-695.9231101,11.76510785
-117.9483566,-695.042962,11.86519122
-117.4995164,-694.1449218,11.96558712
-117.0717001,-693.226669,12.06688939
-116.6656859,-692.2906725,12.16891571
-116.2894528,-691.3586194,12.26942812
-115.9334289,-690.4101934,12.37073285
-115.5973003,-689.4456868,12.47287273
-115.2877324,-688.4878443,12.57353526
-114.9965733,-687.5151955,12.67506453
-114.7296764,-686.5511338,12.77509697
-114.4797897,-685.5734607,12.87600723
-114.2466403,-684.5824303,12.97781587
-114.0349252,-683.602355,13.07808405
-113.838646,-682.6100294,13.17923916
-113.6575487,-681.60569,13.28129277
-113.4952568,-680.6144946,13.38173215
-113.346938,-679.6123087,13.48304232
-113.2123564,-678.5993518,13.58522813
-113.0941407,-677.601558,13.68570536
-112.9885415,-676.5939371,13.78701929
-112.8953401,-675.5766925,13.88916981
-112.8162453,-674.5764686,13.98950445
-112.7485111,-673.5674895,14.09062945
-112.6919356,-672.5499436,14.1925412
-112.6463165,-671.524019,14.29523504
-112.6122331,-670.5172208,14.39597254
-112.5881589,-669.5028312,14.49744006
-112.5739074,-668.481024,14.59963071
-112.5692915,-667.4798788,14.69974629
-112.5736259,-666.472036,14.8005315
-112.5867388,-665.4576557,14.90197802
-112.6084584,-664.4368977,15.00407692
-112.6386127,-663.4099222,15.10681873
-112.6758526,-662.4056649,15.20731348
-112.7207449,-661.3958289,15.30839682
-112.7731316,-660.3805614,15.41005863
-112.8328547,-659.3600093,15.51228844
-112.8997563,-658.3343197,15.61507535
-112.9714704,-657.3331556,15.71544828
-113.0496648,-656.327417,15.81632566
-113.1341949,-655.3172387,15.91769655
-113.2249157,-654.3027554,16.01954971
-113.3216826,-653.284102,16.12187363
-113.4243507,-652.2614132,16.22465656
-113.5295055,-651.2650721,16.32484404
-113.6399507,-650.2651799,16.42544139
-113.755554,-649.2618597,16.52643721
-113.8761831,-648.2552348,16.6278199
-114.0017054,-647.2454284,16.72957769
-114.1319887,-646.2325639,16.83169861
-114.2669007,-645.2167644,16.93417055
-114.4063088,-644.1981533,17.03698121
-114.5456611,-643.2078406,17.13698813
-114.6889962,-642.2151122,17.2372904
-114.8361932,-641.2200807,17.33787641
-114.9871314,-640.2228584,17.43873447
-115.1416903,-639.2235577,17.53985273
-115.2997489,-638.222291,17.64121928
-115.4611868,-637.2191706,17.74282207
-115.6258831,-636.2143089,17.84464897
-115.7937171,-635.2078184,17.94668775
-115.9645682,-634.1998115,18.04892611
-116.1383156,-633.1904004,18.15135164
-116.3148387,-632.1796976,18.25395186
-116.4940168,-631.1678155,18.35671421
-116.6757291,-630.1548665,18.45962607
-116.8598549,-629.1409629,18.56267474
-117.0462735,-628.1262172,18.61722591
-117.2289392,-627.1424852,18.56906354
-117.4135336,-626.1581705,18.52085655
-117.5999471,-625.1733752,18.47261062
-117.7880699,-624.1882017,18.42433144
-117.9777922,-623.2027519,18.37602469
-118.1690043,-622.2171281,18.32769612
-118.3615965,-621.2314326,18.27935146
-118.5554591,-620.2457673,18.23099646
-118.7504823,-619.2602346,18.18263692
-118.9465564,-618.2749366,18.1342786
-119.1435716,-617.2899754,18.08592733
-119.3414183,-616.3054533,18.03758891
-119.5399866,-615.3214725,17.98926917
-119.7391668,-614.338135,17.94097395
-119.9388493,-613.3555431,17.8927091
-120.1389242,-612.373799,17.84448047
-120.3392819,-611.3930048,17.79629392
-120.5398125,-610.4132627,17.74815531
-120.746877,-609.4031279,17.69852037
-120.9538882,-608.3943354,17.64894925
-121.1607254,-607.3869976,17.5994484
-121.3672679,-606.381227,17.55002429
-121.5733951,-605.3771358,17.5006834
-121.7789861,-604.3748366,17.4514322
-121.9839203,-603.3744416,17.40227713
-122.188077,-602.3760632,17.35322468
-122.3913355,-601.3798139,17.30428128
-122.5935751,-600.385806,17.2554534
-122.7946751,-599.3941519,17.20674747
-122.9945147,-598.404964,17.15816994
-123.1929734,-597.4183547,17.10972721
-123.3899304,-596.4344364,17.06142571
-123.5852649,-595.4533214,17.01327182
-123.7848766,-594.4446016,16.9637745
-123.9825023,-593.4391059,16.91444793
-124.1780094,-592.4369575,16.86529908
-124.3712656,-591.4382797,16.8163349
-124.5621385,-590.4431957,16.76756228
-124.7504959,-589.4518289,16.71898813
-124.9362052,-588.4643024,16.67061929
-125.1191341,-587.4807394,16.6224626
-125.3045584,-586.4716474,16.57307567
-125.486746,-585.4670284,16.52392854
-125.6655521,-584.4670174,16.47502856
-125.8408319,-583.4717491,16.42638301
-126.0124406,-582.4813582,16.37799916
-126.1851092,-581.4670752,16.3284732
-126.3535764,-580.4582508,16.27923995
-126.5176841,-579.4550319,16.23030715
-126.6772743,-578.4575657,16.18168243
-126.8321893,-577.4659992,16.13337336
-126.9864864,-576.452412,16.08402122
-127.1354982,-575.445382,16.03501898
-127.279053,-574.4450693,15.9863746
-127.4169788,-573.4516338,15.93809588
-127.5526894,-572.4379377,15.88886524
-127.6820858,-571.4318489,15.84003723
-127.8049815,-570.4335413,15.79161992
-127.9242361,-569.4165343,15.74232983
-128.0362349,-568.4081061,15.69348964
-128.1407758,-567.4084449,15.64510752
-128.2401009,-566.3917905,15.59593682
-128.3311389,-565.3847722,15.54726529
-128.4136714,-564.3875936,15.49910095
-128.4892557,-563.3752809,15.4502366
-128.5554272,-562.3737524,15.40192189
-128.6132374,-561.3586074,15.35297768
-128.6606567,-560.3552596,15.3046266
-128.698193,-559.3399193,15.25571877
-128.7242859,-558.3374609,15.20744806
-128.7388598,-557.3247454,15.15869492
-128.7407546,-556.3030157,15.10951283
-128.7291704,-555.2962805,15.06104939
-128.7030538,-554.282479,15.01223283
-128.6654178,-553.280821,14.96398298
-128.6224053,-552.2796489,14.91574608
-128.5742799,-551.2737614,14.86727126
-128.5214743,-550.2668758,14.81873719
-128.464422,-549.2624589,14.77031062
-128.4035562,-548.2637385,14.722147
-128.3382466,-547.2578311,14.67362467
-128.2686752,-546.2465613,14.6248311
-128.1962554,-545.2481847,14.57664695
-128.1201097,-544.2484109,14.52838244
-128.0404256,-543.2487588,14.48011053
-127.957392,-542.2506689,14.43190048
-127.8696462,-541.2379237,14.38296833
-127.7787719,-540.2289338,14.33420298
-127.684963,-539.2249606,14.28566519
-127.5884146,-538.2271954,14.23741241
-127.4874465,-537.2183227,14.18860669
-127.3839714,-536.2174741,14.14017303
-127.2761513,-535.2068812,14.09125103
-127.166062,-534.2059885,14.04278147
-127.0517068,-533.1966195,13.99388364
-126.9353251,-532.1984927,13.94551228
-126.8147612,-531.1930664,13.89676834
-126.6924175,-530.2002961,13.84861882
-126.5659794,-529.2013159,13.80014826
-126.4354118,-528.1965277,13.75137511
-126.3006791,-527.1863332,13.70231777
-126.1645109,-526.1910857,13.6539642
-126.024272,-525.1914069,13.60537245
-125.8799292,-524.1876752,13.55655977
-125.7314491,-523.1802695,13.50754338
-125.5818924,-522.1898122,13.45932625
-125.428299,-521.1965463,13.41094612
-125.2706373,-520.2008282,13.36241909
-125.1088761,-519.2030143,13.31376123
-124.9429839,-518.203461,13.26498856
-124.7729293,-517.2025246,13.21611705
-124.5986811,-516.2005616,13.16716263
-124.4202077,-515.1979283,13.1181412
-124.2374779,-514.1949812,13.06906858
-124.0504603,-513.1920765,13.01996056
-123.8591235,-512.1895708,12.97083285
-123.6634361,-511.1878203,12.92170114
-123.4633668,-510.1871814,12.87258103
-123.2588841,-509.1880106,12.82348806
-123.0499567,-508.1906642,12.7744377
-122.8365532,-507.1954987,12.72544536
-122.6186423,-506.2028703,12.67652636
-122.3961926,-505.2131355,12.62769596
-122.1691726,-504.2266506,12.57896931
-121.9375511,-503.2437721,12.53036149
-121.7012966,-502.2648564,12.48188748
-121.4603778,-501.2902597,12.43356216
-121.2147633,-500.3203385,12.38540031
-120.9592633,-499.3358125,12.33643928
-120.698808,-498.3569046,12.28767918
-120.433364,-497.3839932,12.23913532
-120.162898,-496.4174572,12.19082287
-119.8818145,-495.4385511,12.14179815
-119.595436,-494.4670735,12.09304558
-119.3037273,-493.5034265,12.04458071
-119.0066528,-492.5480118,11.99641893
-118.6981922,-491.5827559,11.94764056
-118.3840791,-490.626902,11.89920884
-118.05807,-489.6627824,11.85021856
-117.7261104,-488.7093233,11.80162068
-117.3881604,-487.7669757,11.75343104
-117.0376321,-486.8187426,11.70476802
-116.680802,-485.8829895,11.65656077
-116.3108428,-484.9432298,11.60794533
-115.9273498,-484.0007144,11.55896466
-115.5369417,-483.073188,11.51052338
-115.1324123,-482.145041,11.46178697
-114.7206206,-481.2335352,11.41364095
-114.2940991,-480.3236989,11.36527149
-113.8524029,-479.4170599,11.31672589
-113.3950746,-478.5152248,11.2680524
-112.9216445,-477.6198813,11.21929995
-112.4316301,-476.7328012,11.17051782
-111.9245359,-475.855843,11.12175529
-111.3998532,-474.990955,11.07306116
-110.8570597,-474.1401779,11.02448319
-110.2956194,-473.3056477,10.97606745
-109.7149824,-472.4895989,10.92785747
-109.1056711,-471.6829252,10.87919525
-108.4756802,-470.9005514,10.83084316
-107.8151431,-470.1347312,10.78216172
-107.1323411,-469.3997044,10.73386992
-106.4169961,-468.6892184,10.68533818
-105.6722433,-468.0109744,10.78606909
-104.9131039,-467.3592909,10.88611828
-104.1371282,-466.722904,10.98647398
-103.3448319,-466.1019529,11.08713746
-102.5367308,-465.496577,11.18810812
-101.723472,-464.9140112,11.28814675
-100.8957918,-464.3469131,11.38847894
-100.0541874,-463.795417,11.48909932
-99.19915576,-463.259657,11.59000114
-98.33119408,-462.7397673,11.69117637
-97.4617423,-462.242005,11.79136189
-96.58064156,-461.7599838,11.8917951
-95.68837077,-461.2938331,11.99246503
-94.78540885,-460.8436823,12.09335983
-93.87223472,-460.4096606,12.19446679
-92.96092175,-459.9970185,12.29450503
-92.04057846,-459.6003556,12.39472345
-91.11166605,-459.2197962,12.4951079
-90.17464568,-458.8554649,12.59564369
-89.22997854,-458.5074863,12.69631568
-88.2781258,-458.1759849,12.79710838
-87.31954864,-457.8610852,12.89800595
-86.35470825,-457.5629118,12.99899231
-85.3840658,-457.2815892,13.10005116
-84.40808247,-457.0172419,13.20116609
-83.42721944,-456.7699944,13.30232061
-82.44193788,-456.5399713,13.40349819
-81.45269898,-456.3272971,13.50468238
-80.45996392,-456.1320963,13.60585679
-79.46419387,-455.9544936,13.62735602
-78.46585001,-455.7946133,13.57922289
-77.46539352,-455.65258,13.5311172
-76.46328559,-455.5285183,13.48304627
-75.45998738,-455.4225527,13.43501722
-74.45596008,-455.3348077,13.38703694
-73.45166486,-455.2654078,13.33911207
-72.44756291,-455.2144776,13.29124896
-71.44411541,-455.1821417,13.24345367
-70.44178353,-455.1685244,13.19573187
-69.44102844,-455.1737505,13.1480889
-68.4296844,-455.1983727,13.09992821
-67.42090917,-455.2425752,13.051858
-66.41518167,-455.3064875,13.00388238
-65.41298082,-455.3902387,12.95600492
-64.41478552,-455.4939582,12.90822862
-63.4210747,-455.6177754,12.86055584
-62.42000137,-455.7637486,12.81239437
-61.42451338,-455.9305919,12.7643418
-60.43510784,-456.1184394,12.71639838
-59.45228185,-456.3274253,12.66856351
-58.4765325,-456.557684,12.62083576
-57.50835689,-456.8093496,12.57321273
-56.53645151,-457.0860645,12.52510506
-55.57333321,-457.384995,12.47709676
-54.61951775,-457.7062803,12.42918223
-53.67552086,-458.0500597,12.38135465
-52.74185827,-458.4164726,12.33360605
-51.81904574,-458.805658,12.28592717
-50.90759898,-459.2177554,12.23830748
-49.99713891,-459.6583535,12.19015523
-49.09938677,-460.1227128,12.14203772
-48.21487738,-460.6109778,12.09393974
-47.34551999,-461.1224599,12.04592107
-46.48563771,-461.6642829,11.99753627
-45.65474763,-462.2274399,11.94975114
-44.83492989,-462.8248374,11.90145976
-44.04453618,-463.4438687,11.85366518
-43.26689239,-464.0983554,11.80527774
-42.51903653,-464.7747239,11.77111352
-41.80049894,-465.4726192,11.76186682
-41.09644573,-466.2072126,11.77773285
-40.42198154,-466.9635097,11.81886254
-39.77660609,-467.7411319,11.88490155
-39.15981911,-468.5397011,11.97544154
-38.57112033,-469.3588387,12.07631536
-38.01000948,-470.1981664,12.17727656
-37.47598628,-471.0573059,12.27843492
-36.96855046,-471.9358787,12.37989335
-36.48720176,-472.8335066,12.48174778
-36.04067732,-473.7305334,12.58194963
-35.61821506,-474.6451116,12.68269325
-35.21934533,-475.5768859,12.78404907
-34.84359847,-476.525501,12.88608125
-34.49778482,-477.4698986,12.98665331
-34.17323038,-478.4297548,13.08797752
-33.86949483,-479.4047366,13.19009729
-33.59208421,-480.3728392,13.29080376
-33.33376356,-481.3547864,13.39233946
-33.09924612,-482.328,13.49244655
-32.88220021,-483.3138601,13.59339353
-32.68224051,-484.3120755,13.69519813
-32.50296399,-485.2992619,13.79553143
-32.33927818,-486.2976979,13.89670789
-32.19082341,-487.3071116,13.99873508
-32.06018041,-488.3033875,14.09921559
-31.94339001,-489.3096234,14.20051469
-31.84011707,-490.3255658,14.30263248
-31.75202083,-491.3264391,14.40310677
-31.67617487,-492.3360848,14.50435582
-31.61226743,-493.3542672,14.60637442
-31.56112599,-494.3556172,14.70663993
-31.52076155,-495.3646491,14.80762382
-31.49088459,-496.3811439,14.9093172
-31.47120562,-497.4048826,15.01170999
-31.46156094,-498.4097934,15.11220569
-31.46106716,-499.4211793,15.21334429
-31.46945596,-500.4388374,15.31511356
-31.486459,-501.4625648,15.41750042
-31.51105591,-502.465687,15.51784279
-31.543328,-503.4741908,15.6187448
-31.58302706,-504.4878885,15.72019227
-31.62990485,-505.5065923,15.82217046
-31.68371317,-506.5301145,15.92466402
-31.74252842,-507.531153,16.0249405
-31.80744977,-508.5364083,16.12567544
-31.87824808,-509.5457071,16.22685333
-31.95469423,-510.5588761,16.32845823
-32.03655909,-511.5757421,16.43047383
-32.12361351,-512.5961318,16.53288348
-32.21307825,-513.5921605,16.63288734
-32.30702785,-514.5912014,16.7332322
-32.40525129,-515.5930946,16.83390185
-32.50753749,-516.5976807,16.93487985
-32.61367542,-517.6047999,17.03614951
-32.72345402,-518.6142927,17.13769394
-32.83666223,-519.6259994,17.23949603
-32.953089,-520.6397605,17.3415385
-33.07252329,-521.6554162,17.44380389
-33.19475404,-522.6728069,17.54627459
-33.31957019,-523.6917731,17.64893281
-33.4467607,-524.7121551,17.75176067
-33.57249402,-525.7053988,17.8518777
-33.70007818,-526.6996832,17.95212137
-33.82931923,-527.6948616,18.05247491
-33.96002322,-528.6907873,18.15292149
-34.09199621,-529.6873136,18.25344419
-34.22504425,-530.6842938,18.35402607
-34.35897339,-531.6815812,18.45465008
-34.49358967,-532.6790291,18.55529917
-34.62869916,-533.6764909,18.65595624
-34.76410791,-534.6738198,18.75660416
-34.89962196,-535.6708692,18.85722581
-35.03504736,-536.6674923,18.95780402
-35.17019018,-537.6635426,19.05832166
-35.30485645,-538.6588732,19.15876159
-35.43885224,-539.6533375,19.25910671
-35.57198359,-540.6467888,19.35933991
-35.70405656,-541.6390804,19.41020841
-35.8385946,-542.6583589,19.36055674
-35.97159666,-543.6760957,19.31098856
-36.10285171,-544.6921311,19.26151272
-36.23214868,-545.7063055,19.21213806
-36.35927653,-546.7184594,19.16287337
-36.48402419,-547.728433,19.11372736
-36.60618063,-548.7360669,19.06470872
-36.72553479,-549.7412012,19.01582605
-36.84187561,-550.7436764,18.96708789
-36.95499205,-551.743333,18.9185027
-37.06467305,-552.7400111,18.87007886
-37.17359887,-553.7611034,18.82048676
-37.27844367,-554.7787076,18.77108275
-37.37897832,-555.7926504,18.7218756
-37.47497369,-556.8027587,18.67287396
-37.56620064,-557.808859,18.62408633
-37.65243004,-558.8107781,18.5755211
-37.73343275,-559.8083426,18.52718646
-37.81094359,-560.8281537,18.47779397
-37.8824515,-561.8430012,18.42866173
-37.94770826,-562.8526973,18.37979805
-38.00646566,-563.8570543,18.33121101
-38.05847548,-564.8558845,18.28290847
-38.10457734,-565.8750558,18.2336386
-38.14304203,-566.888005,18.18468429
-38.1736012,-567.8945289,18.13605314
-38.19598653,-568.8944247,18.08775239
-38.2101738,-569.912861,18.03856357
-38.2151909,-570.9238925,17.98973653
-38.21074832,-571.9273001,17.9412778
-38.19607433,-572.9476516,17.89199617
-38.17084584,-573.9595276,17.84311376
-38.13475107,-574.9626921,17.7946359
-38.08618297,-575.9810448,17.74539999
-38.02554976,-576.989755,17.69659773
-37.9525163,-577.9885693,17.64823253
-37.86454734,-579.0006479,17.59917123
-37.76286966,-580.0018161,17.55057243
-37.64426155,-581.0146893,17.50132281
-37.51053777,-582.0155625,17.52551092
-37.35982548,-583.0196218,17.62704167
-37.19343009,-584.0390256,17.73033114
-37.0142488,-585.057183,17.83371153
-36.8223725,-586.0740355,17.93719127
-36.62515197,-587.0545309,18.03720462
-36.41626339,-588.0337024,18.13732512
-36.1957886,-589.0114972,18.23755943
-35.96380939,-589.9878626,18.33791398
-35.72040758,-590.9627456,18.4383949
-35.46566499,-591.9360937,18.53900803
-35.19966342,-592.9078539,18.63975895
-34.92248468,-593.8779736,18.74065297
-34.6342106,-594.8463999,18.84169511
-34.33492298,-595.8130802,18.94289016
-34.02470363,-596.7779615,19.04424261
-33.70363437,-597.7409911,19.14575673
-33.37179701,-598.7021163,19.2474365
-33.02927336,-599.6612843,19.34928569
-32.67614523,-600.6184423,19.45130779
-32.31249445,-601.5735375,19.55350606
-31.93840281,-602.5265171,19.65588354
-31.55395213,-603.4773285,19.75844301
-31.15922422,-604.4259187,19.86118704
-30.7543009,-605.3722351,19.96411797
-30.33926398,-606.3162248,20.06723791
-29.91419527,-607.2578352,20.17054877
-29.47917659,-608.1970133,20.27405224
-29.03428973,-609.1337064,20.3777498
-28.59602245,-610.0345434,20.47792892
-28.14872872,-610.9329734,20.57829067
-27.69248189,-611.828949,20.67883586
-27.22735531,-612.722423,20.77956512
-26.75342235,-613.6133479,20.88047893
-26.27075637,-614.5016766,20.98157761
-25.77943071,-615.3873616,21.08286131
-25.27951873,-616.2703557,21.18433005
-24.77109379,-617.1506115,21.28598368
-24.25422925,-618.0280817,21.38782193
-23.72899846,-618.9027189,21.48984437
-23.19547478,-619.774476,21.59205043
-22.65373156,-620.6433055,21.69443942
-22.10384217,-621.5091601,21.79701049
-21.54587995,-622.3719926,21.8997627
-20.97991826,-623.2317555,22.00269496
-20.40603046,-624.0884016,22.10580605
-19.8242899,-624.9418836,22.20909465
-19.23476995,-625.792154,22.222222
-18.63754395,-626.6391657,22.222222
-18.03268526,-627.4828713,22.222222
-17.44308334,-628.2921597,22.222222
-16.84653717,-629.0982961,22.222222
-16.24311226,-629.9012385,22.222222
-15.63287411,-630.7009444,22.222222
-15.01588823,-631.4973717,22.222222
-14.39222011,-632.2904781,22.222222
-13.76193527,-633.0802213,22.222222
-13.1250992,-633.8665592,22.222222
-12.4817774,-634.6494493,22.222222
-11.83203539,-635.4288496,22.222222
-11.17593867,-636.2047177,22.222222
-10.51355274,-636.9770113,22.222222
-9.844943096,-637.7456883,22.222222
-9.170175251,-638.5107063,22.222222
-8.489314707,-639.2720232,22.222222
-7.802426966,-640.0295966,22.222222
-7.109577533,-640.7833843,22.222222
-6.410831911,-641.533344,22.222222
-5.706255603,-642.2794336,22.222222
-4.995914114,-643.0216106,22.222222
-4.279872946,-643.759833,22.222222
-3.558197604,-644.4940584,22.222222
-2.83095359,-645.2242446,22.222222
-2.098206409,-645.9503493,22.222222
-1.360021564,-646.6723302,22.222222
-0.616464559,-647.3901452,22.222222
0.132399103,-648.1037519,22.222222
0.886503918,-648.8131081,22.222222
1.645784383,-649.5181716,22.222222
2.410174994,-650.2189001,22.222222
3.179610247,-650.9152513,22.222222
3.95402464,-651.607183,22.222222
4.733352667,-652.2946529,22.222222
5.517528826,-652.9776188,22.222222
6.2760554,-653.63003,22.222222
7.03894555,-654.2782002,22.222222
7.806141044,-654.9220921,22.222222
8.577583649,-655.561668,22.222222
9.353215132,-656.1968903,22.222222
10.13297726,-656.8277216,22.222222
10.91681181,-657.4541241,22.222222
11.70466053,-658.0760604,22.222222
12.4964652,-658.693493,22.222222
13.2921676,-659.3063841,22.222222
14.09170947,-659.9146963,22.222222
14.8950326,-660.5183921,22.222222
15.70207874,-661.1174337,22.222222
16.51278967,-661.7117838,22.222222
17.32710716,-662.3014046,22.222222
18.14497297,-662.8862588,22.222222
18.96632886,-663.4663086,22.222222
19.79111662,-664.0415165,22.222222
20.61927799,-664.611845,22.222222
21.45075476,-665.1772564,22.222222
22.28548869,-665.7377133,22.222222
23.12342155,-666.2931781,22.222222
23.9644951,-666.8436132,22.222222
24.80865112,-667.388981,22.222222
25.65583136,-667.929244,22.222222
26.5059776,-668.4643645,22.222222
27.35903161,-668.9943052,22.222222
28.21493514,-669.5190283,22.222222
29.07362998,-670.0384963,22.222222
29.93505789,-670.5526717,22.222222
30.79916063,-671.0615169,22.222222
31.66587997,-671.5649943,22.222222
32.53515768,-672.0630664,22.222222
33.40693553,-672.5556955,22.222222
34.28115529,-673.0428442,22.222222
35.15775872,-673.5244749,22.222222
36.07189228,-674.0194769,22.222222
36.98847555,-674.5084277,22.222222
37.907443,-674.9912851,22.222222
38.82872913,-675.4680067,22.222222
39.75226845,-675.9385504,22.222222
40.67799545,-676.402874,22.222222
41.60584462,-676.860935,22.222222
42.53575046,-677.3126914,22.222222
43.46764747,-677.7581007,22.222222
44.40147014,-678.1971209,22.222222
45.33715298,-678.6297096,22.222222
46.27463047,-679.0558245,22.222222
47.21383711,-679.4754235,22.222222
48.15470741,-679.8884642,22.222222
49.09717585,-680.2949045,22.222222
50.04117693,-680.694702,22.222222
50.98664515,-681.0878145,22.222222
51.93351501,-681.4741997,22.222222
52.881721,-681.8538154,22.222222
53.83119761,-682.2266194,22.222222
54.78187935,-682.5925693,22.222222
55.73370071,-682.951623,22.222222
56.68659619,-683.3037381,22.222222
57.64050029,-683.6488725,22.222222
58.59534749,-683.9869838,22.222222
59.5510723,-684.3180298,22.222222
60.50760921,-684.6419683,22.222222
61.46489272,-684.958757,22.222222
62.42285733,-685.2683536,22.222222
63.38143753,-685.5707159,22.222222
64.34056782,-685.8658017,22.222222
65.30018269,-686.1535686,22.222222
66.26021665,-686.4339745,22.222222
67.25754834,-686.7173287,22.222222
68.25518797,-686.9926518,22.222222
69.25306219,-687.2598965,22.222222
70.25109764,-687.5190155,22.222222
71.24922096,-687.7699615,22.222222
72.2473588,-688.0126871,22.222222
73.24543781,-688.247145,22.222222
74.24338462,-688.4732879,22.222222
75.24112588,-688.6910684,22.222222
76.23858823,-688.9004394,22.222222
77.23569833,-689.1013533,22.222222
78.2323828,-689.293763,22.222222
79.22856831,-689.4776211,22.222222
80.22418148,-689.6528802,22.222222
81.21914896,-689.8194932,22.222222
82.2133974,-689.9774125,22.222222
83.20685345,-690.126591,22.222222
84.19944374,-690.2669812,22.222222
85.19109492,-690.398536,22.222222
86.21840355,-690.5255801,22.222222
87.24454152,-690.6430184,22.222222
88.26942701,-690.7507981,22.222222
89.29297821,-690.8488665,22.17418821
90.3151133,-690.9371708,22.12626169
91.33575048,-691.0156582,22.07844222
92.35480794,-691.0842759,22.03072953
93.37220385,-691.1429712,21.98312322
94.38785641,-691.1916913,21.93562282
95.40168381,-691.2303834,21.88822777
96.41360423,-691.2589947,21.84093738
97.42353585,-691.2774725,21.7937509
98.43139688,-691.285764,21.74666745
99.43710549,-691.2838164,21.69968605
100.4405799,-691.2715769,21.65280562
101.4417382,-691.2489928,21.60602497
102.4761234,-691.2146404,21.55767741
103.480213,-691.1704682,21.65818349
104.5285691,-691.1142721,21.76316961
105.5733747,-691.0488002,21.8678551
106.6146598,-690.9741322,21.97225098
107.6524546,-690.8903475,22.07636812
108.6867892,-690.7975257,22.18021724
109.7176939,-690.6957465,22.222222
110.7451987,-690.5850893,22.222222
111.7693338,-690.4656337,22.222222
112.7901294,-690.3374593,22.222222
113.8076156,-690.2006457,22.222222
114.8218226,-690.0552723,22.222222
115.8327805,-689.9014188,22.222222
116.8405194,-689.7391647,22.222222
117.8450696,-689.5685897,22.222222
118.8464612,-689.3897731,22.222222
119.8447243,-689.2027947,22.222222
120.839889,-689.0077339,22.222222
121.8319856,-688.8046703,22.222222
122.8210442,-688.5936836,22.222222
123.8070949,-688.3748532,22.222222
124.7901679,-688.1482587,22.222222
125.7702933,-687.9139796,22.222222
126.7475013,-687.6720956,22.222222
127.7218221,-687.4226862,22.222222
128.6932857,-687.1658309,22.222222
129.6619224,-686.9016094,22.222222
130.6277623,-686.6301011,22.222222
131.5908355,-686.3513856,22.222222
132.5511722,-686.0655426,22.222222
133.5088026,-685.7726515,22.222222
134.4637567,-685.4727919,22.222222
135.4160649,-685.1660434,22.222222
136.3657571,-684.8524855,22.222222
137.3578999,-684.5167795,22.222222
138.3472395,-684.173779,22.222222
139.3338106,-683.8235755,22.222222
140.3176478,-683.4662604,22.222222
141.2987858,-683.1019252,22.222222
142.2772593,-682.7306614,22.222222
143.2531029,-682.3525604,22.222222
144.2263514,-681.9677138,22.222222
145.1970393,-681.576213,22.222222
146.1652013,-681.1781495,22.222222
147.1308721,-680.7736148,22.222222
148.0940865,-680.3627003,22.222222
149.0548789,-679.9454976,22.222222
149.9697716,-679.5414766,22.222222
150.8825194,-679.1318889,22.222222
151.7931523,-678.7168141,22.222222
152.7017006,-678.2963316,22.222222
153.6081944,-677.8705212,22.222222
154.5126638,-677.4394623,22.222222
155.4151391,-677.0032346,22.222222
156.3156503,-676.5619175,22.222222
157.2142276,-676.1155906,22.222222
158.1109011,-675.6643335,22.222222
159.0057011,-675.2082257,22.222222
159.8986577,-674.7473469,22.222222
160.7898009,-674.2817765,22.222222
161.6791611,-673.8115942,22.222222
162.5667682,-673.3368794,22.222222
163.4526525,-672.8577118,22.222222
164.3368442,-672.374171,22.222222
165.2193733,-671.8863363,22.222222
166.10027,-671.3942876,22.222222
166.9795645,-670.8981042,22.222222
167.857287,-670.3978658,22.222222
168.7334675,-669.8936518,22.222222
169.6081363,-669.385542,22.222222
170.4813234,-668.8736158,22.222222
171.3530591,-668.3579528,22.222222
172.2233735,-667.8386326,22.222222
173.0922967,-667.3157346,22.222222
173.9598589,-666.7893386,22.222222
174.8260902,-666.259524,22.222222
175.6910209,-665.7263704,22.222222
176.5546809,-665.1899574,22.222222
177.4171006,-664.6503645,22.222222
178.2783101,-664.1076713,22.222222
179.1383394,-663.5619573,22.222222
179.9972188,-663.0133021,22.222222
180.8549784,-662.4617853,22.222222
181.7116483,-661.9074864,22.222222
182.5672588,-661.350485,22.222222
183.4218399,-660.7908607,22.222222
184.2754218,-660.228693,22.222222
185.1280347,-659.6640614,22.222222
185.9797087,-659.0970456,22.222222
186.830474,-658.5277251,22.222222
187.6803607,-657.9561794,22.222222
188.529399,-657.3824881,22.222222
189.377619,-656.8067308,22.222222
190.2250508,-656.2289871,22.222222
191.0717247,-655.6493364,22.222222
191.9176708,-655.0678584,22.222222
192.7629192,-654.4846326,22.222222
193.6075001,-653.8997386,22.222222
194.4514436,-653.3132559,22.222222
195.2947799,-652.7252642,22.222222
196.1375391,-652.1358429,22.222222
196.9797514,-651.5450716,22.222222
197.821447,-650.9530299,22.222222
198.6626559,-650.3597973,22.222222
199.5034084,-649.7654535,22.222222
200.3437346,-649.1700779,22.222222
201.1836647,-648.5737501,22.222222
202.0232287,-647.9765497,22.222222
202.8624569,-647.3785563,22.222222
203.7013794,-646.7798494,22.222222
204.5400263,-646.1805085,22.222222
205.3784279,-645.5806133,22.222222
206.2166142,-644.9802432,22.222222
207.0546154,-644.379478,22.222222
207.8924617,-643.778397,22.222222
208.7301831,-643.1770799,22.222222
209.56781,-642.5756062,22.222222
210.4053724,-641.9740555,22.222222
211.2429004,-641.3725074,22.222222
212.0804242,-640.7710414,22.222222
212.9179741,-640.1697371,22.222222
213.75558,-639.568674,22.222222
214.5932722,-638.9679317,22.222222
215.4310809,-638.3675898,22.222222
216.2690361,-637.7677278,22.222222
217.1071681,-637.1684252,22.222222
217.9455069,-636.5697617,22.222222
218.7840828,-635.9718168,22.222222
219.6229258,-635.3746701,22.222222
220.4620662,-634.7784011,22.222222
221.3015341,-634.1830894,22.222222
222.1413596,-633.5888145,22.222222
222.9815729,-632.995656,22.222222
223.8222042,-632.4036935,22.222222
224.6632835,-631.8130065,22.222222
225.5048411,-631.2236746,22.222222
226.3469071,-630.6357774,22.222222
227.1895117,-630.0493944,22.222222
228.0326849,-629.4646051,22.222222
228.876457,-628.8814892,22.222222
229.7208582,-628.3001261,22.222222
230.5659184,-627.7205955,22.222222
231.411668,-627.142977,22.222222
232.258137,-626.56735,22.222222
233.1053557,-625.9937941,22.222222
233.9533541,-625.4223889,22.222222
234.8021624,-624.853214,22.222222
235.6518108,-624.2863489,22.222222
236.5023294,-623.7218732,22.222222
237.3537484,-623.1598664,22.222222
238.2060979,-622.6004081,22.222222
239.0594081,-622.0435779,22.222222
239.9137091,-621.4894553,22.222222
240.7690311,-620.9381199,22.222222
241.6254043,-620.3896512,22.222222
242.4828587,-619.8441288,22.222222
243.3414245,-619.3016323,22.222222
244.2011319,-618.7622412,22.222222
245.0620111,-618.2260351,22.222222
245.9240921,-617.6930936,22.222222
246.7874052,-617.1634962,22.222222
247.6519805,-616.6373224,22.222222
248.5178481,-616.1146518,22.222222
249.3850382,-615.5955641,22.222222
250.253581,-615.0801387,22.222222
251.1235066,-614.5684552,22.222222
251.9948451,-614.0605931,22.222222
252.8676267,-613.5566321,22.222222
253.7418816,-613.0566517,22.222222
254.6176399,-612.5607315,22.222222
255.4949317,-612.068951,22.222222
256.3737873,-611.5813897,22.222222
257.2542367,-611.0981273,22.222222
258.1363101,-610.6192433,22.222222
259.0200377,-610.1448172,22.222222
259.9054496,-609.6749286,22.222222
260.7925759,-609.2096572,22.222222
261.6814469,-608.7490823,22.222222
262.5720927,-608.2932837,22.222222
263.5070866,-607.8209899,22.222222
264.444096,-607.3541167,22.222222
265.3831557,-606.8927557,22.222222
266.3243003,-606.4369984,22.222222
267.2675645,-605.9869362,22.222222
268.212983,-605.5426606,22.222222
269.1605904,-605.1042631,22.222222
270.1104213,-604.6718352,22.222222
271.0625105,-604.2454683,22.222222
272.0168927,-603.8252539,22.222222
272.9736024,-603.4112835,22.222222
273.9326744,-603.0036486,22.222222
274.8941433,-602.6024406,22.222222
275.8580437,-602.207751,22.222222
276.8244105,-601.8196713,22.222222
277.7932782,-601.438293,22.222222
278.7646814,-601.0637076,22.222222
279.738655,-600.6960065,22.222222
280.7152334,-600.3352811,22.222222
281.6944515,-599.9816231,22.222222
282.6763438,-599.6351238,22.222222
283.660945,-599.2958747,22.222222
284.6482899,-598.9639674,22.222222
285.638413,-598.6394932,22.222222
286.631349,-598.3225437,22.222222
287.6271327,-598.0132103,22.222222
288.6257986,-597.7115846,22.222222
289.6273815,-597.4177579,22.222222
290.6319159,-597.1318218,22.222222
291.6394366,-596.8538677,22.222222
292.6499783,-596.5839872,22.222222
293.6635756,-596.3222716,22.222222
294.6339825,-596.080153,22.222222
295.6072353,-595.8456369,22.222222
296.5833642,-595.6188028,22.222222
297.5623992,-595.3997304,22.222222
298.5443705,-595.1884991,22.222222
299.5293084,-594.9851886,22.222222
300.5172429,-594.7898784,22.222222
301.5082041,-594.6026481,22.222222
302.5022223,-594.4235772,22.222222
303.4993276,-594.2527453,22.222222
304.4995501,-594.0902319,22.222222
305.5029201,-593.9361167,22.222222
306.5094675,-593.7904791,22.222222
307.5192227,-593.6533987,22.222222
308.5322157,-593.5249552,22.222222
309.5484767,-593.405228,22.222222
310.5680359,-593.2942967,22.222222
311.5909234,-593.1922409,22.222222
312.6171693,-593.0991401,22.222222
313.6468038,-593.0150739,22.222222
314.6798571,-592.9401219,22.222222
315.7163593,-592.8743636,22.222222
316.7563406,-592.8178785,22.222222
317.7998311,-592.7707463,22.222222
318.8468609,-592.7330466,22.222222
